,B1,B2,B3,B4,B5,B6,B7,B8,B9,B10,B11,B12,B13,B14,B15,B16,B17,B18,C1,C2,C3,C4,C5,D1,D2,D3,D4,D5,E1,E2,E3,E4,E5,F1,F2,F3,F4,F5,G1
0,4,4,3,3,4,4,4,4,4,4,4,3,4,3,3,4,4,4,3,4,3,3,3,3,4,3,3,3,3,3,3,3,3,3,2,3,3,3,4
1,4,6,5,5,5,4,5,5,4,4,4,4,4,4,5,4,5,5,5,5,6,5,4,6,6,6,4,5,6,5,6,5,5,5,4,5,4,4,6
2,5,4,4,4,4,5,5,4,4,4,5,4,4,4,5,5,5,5,4,4,4,4,3,6,6,6,5,4,5,4,5,5,5,5,4,5,5,5,5
3,4,4,4,4,4,4,5,4,4,4,4,3,4,4,4,4,4,4,3,3,3,2,3,4,3,4,4,3,4,4,4,4,4,3,3,4,3,4,4
4,4,4,5,4,4,4,4,4,4,3,4,4,4,4,4,4,4,4,5,4,4,4,5,4,5,5,4,5,4,4,3,5,5,4,4,5,4,5,3
5,4,4,4,4,4,4,4,4,4,3,4,3,4,4,3,4,4,4,1,1,1,1,1,4,4,4,4,4,4,3,3,4,4,3,4,4,3,4,3
6,4,4,4,4,4,4,4,4,4,3,4,4,3,4,4,4,4,4,2,2,2,2,2,3,4,4,4,4,4,4,4,4,5,4,3,4,3,4,5
7,3,3,3,2,3,3,3,3,3,2,3,3,2,3,3,3,3,3,4,4,3,4,4,3,4,3,3,3,3,3,3,3,3,3,2,3,2,3,2
8,5,5,5,4,5,5,4,5,4,4,4,5,5,5,5,6,5,5,3,4,4,4,4,5,6,5,5,5,5,6,5,5,6,6,4,6,5,5,6
9,3,3,3,3,3,3,3,3,3,2,3,3,3,3,3,3,3,3,2,2,2,2,2,3,3,3,3,3,4,3,3,3,4,3,3,3,3,4,3
10,4,3,4,3,3,4,4,4,3,3,4,3,3,3,3,4,3,4,3,3,3,3,3,3,4,4,4,3,3,3,3,3,4,3,2,3,3,3,3
11,7,7,7,5,5,6,7,5,7,5,7,5,7,5,5,7,7,6,4,5,6,5,4,7,6,7,7,7,7,6,7,7,7,5,6,7,5,6,6
12,4,4,4,4,4,4,5,4,3,3,4,4,3,4,3,4,4,4,3,3,3,2,2,3,4,3,4,3,3,3,3,3,4,3,3,3,3,4,3
13,5,6,5,5,5,4,5,5,5,4,5,4,4,4,5,6,6,6,2,2,2,2,2,5,4,5,5,5,6,5,5,6,7,5,5,6,5,5,5
14,4,4,5,4,4,5,5,5,5,5,5,4,4,4,4,5,4,5,3,3,4,3,3,4,4,5,5,4,4,4,4,4,4,4,3,4,4,4,4
15,4,4,4,3,4,4,4,3,3,3,4,3,3,3,3,4,4,4,4,4,3,3,4,4,4,5,4,4,5,4,5,4,5,4,4,5,4,4,5
16,4,3,4,3,3,3,3,3,3,3,3,3,3,3,3,4,4,3,3,3,3,2,2,3,4,3,4,4,4,3,4,3,4,3,3,3,3,3,4
17,5,6,5,5,5,4,5,5,5,5,5,5,5,4,5,5,6,5,4,5,3,4,5,5,5,5,5,5,6,6,5,5,6,4,6,5,6,6,5
18,1,1,0,1,0,1,1,0,0,1,0,1,1,0,0,0,0,0,5,3,5,4,5,1,1,0,1,0,0,1,0,1,1,1,1,1,0,1,1
19,4,5,4,3,4,4,4,4,4,3,5,4,4,4,4,5,4,5,3,3,3,3,3,5,4,5,4,4,4,5,4,5,5,5,5,6,5,5,4
20,3,3,3,2,3,2,3,3,2,2,2,2,2,2,2,3,3,3,3,2,3,3,3,3,3,3,3,2,3,3,3,3,3,2,2,2,2,2,2
21,3,3,4,3,3,3,4,4,3,3,3,3,3,3,3,4,4,3,6,7,5,7,6,5,5,4,4,4,4,3,4,3,5,4,4,4,4,3,3
22,4,4,4,3,3,4,4,4,3,3,3,3,3,3,3,4,4,3,3,4,5,3,3,4,4,4,3,4,4,4,4,4,5,4,3,4,4,4,5
23,4,5,4,4,4,4,4,4,4,4,4,3,3,3,3,4,5,4,4,4,3,4,4,5,5,5,5,4,4,5,5,5,5,4,5,5,5,6,5
24,5,5,5,4,4,4,4,4,3,4,4,3,4,4,3,5,4,5,3,3,4,3,3,4,4,5,4,3,4,3,4,4,4,3,3,3,3,3,4
25,4,6,5,4,4,4,5,5,5,4,5,4,5,5,5,5,5,5,4,5,5,5,5,4,5,5,4,5,4,5,4,4,5,4,4,5,4,4,4
26,4,4,4,4,4,4,5,4,4,4,4,4,3,4,3,4,4,5,4,3,4,3,3,4,4,4,4,4,4,3,4,4,4,4,4,4,3,3,4
27,5,5,4,4,4,4,5,5,5,5,4,5,5,5,5,5,5,5,2,3,3,2,3,6,5,5,5,4,4,5,4,5,5,4,5,5,4,4,4
28,4,4,4,4,4,4,4,4,4,3,4,3,3,4,4,4,4,4,3,3,3,2,4,4,4,3,3,3,3,3,3,3,3,2,2,2,2,2,3
29,4,4,4,4,4,4,4,4,4,4,4,4,4,3,3,4,4,4,3,4,5,4,4,4,5,4,5,4,4,4,4,4,5,4,5,5,5,4,4
30,3,3,3,3,3,3,3,3,3,3,3,3,2,3,3,3,3,3,3,3,3,3,3,3,4,3,3,3,3,2,2,2,3,2,2,2,2,2,3
31,3,3,3,3,3,3,3,3,3,3,3,3,3,3,3,3,3,4,3,4,4,3,3,4,4,3,3,3,4,3,3,4,4,4,4,4,4,4,3
32,5,5,4,4,4,5,5,5,5,5,4,4,4,4,5,4,5,5,4,3,3,3,3,4,4,5,5,4,5,6,6,5,5,5,5,5,5,5,5
33,4,5,5,4,5,4,5,5,4,4,4,4,4,4,4,4,5,4,2,2,2,2,2,5,4,5,4,4,4,5,4,4,5,5,4,4,4,5,6
34,3,4,4,4,4,3,4,4,3,3,3,3,3,3,3,4,4,4,5,3,4,3,4,3,3,4,3,3,3,4,4,4,4,3,4,4,4,3,4
35,2,2,2,2,2,2,2,2,2,2,2,2,2,2,2,2,2,2,4,4,4,3,4,2,3,2,2,2,2,2,2,2,3,2,2,2,2,2,2
36,4,3,3,3,3,3,3,4,3,3,3,3,3,3,3,3,3,3,3,2,2,3,3,3,4,4,4,3,4,4,4,4,5,3,4,4,4,3,4
37,3,3,3,3,3,3,3,3,3,3,3,3,3,3,3,3,3,3,1,1,1,1,1,2,3,2,2,2,3,2,3,3,3,3,3,3,3,3,2
38,4,5,5,4,5,4,5,5,4,3,4,4,3,4,4,4,4,4,3,3,3,3,3,4,5,4,4,4,4,4,4,5,5,4,5,6,5,6,5
39,3,3,3,3,3,3,3,3,3,3,3,3,3,3,3,3,3,3,3,2,3,3,2,3,4,3,3,3,3,3,3,3,4,3,2,3,3,3,3
40,5,5,5,4,4,4,5,5,5,4,5,5,4,4,5,5,5,5,4,3,4,4,3,6,5,6,5,5,4,4,4,4,4,4,5,6,5,6,5
41,4,5,4,3,3,4,5,4,4,3,4,3,4,4,3,4,4,4,5,4,6,4,5,3,4,4,3,3,3,3,3,3,3,3,3,4,3,3,3
42,4,4,5,4,4,4,4,5,4,4,4,3,3,4,4,5,5,5,5,4,4,4,5,4,4,5,3,4,4,4,4,4,5,4,4,4,4,4,4
43,4,4,4,3,4,4,5,4,4,3,4,4,4,4,4,5,4,4,3,3,3,3,3,4,4,4,4,3,4,4,5,5,5,4,4,4,4,4,4
44,5,4,4,5,4,5,5,5,4,4,4,4,4,4,5,5,4,6,6,5,6,7,7,5,4,5,4,4,5,4,5,6,6,5,6,5,4,5,5
45,4,5,4,4,4,4,4,4,4,4,4,4,4,4,4,4,4,4,3,3,3,4,3,3,4,4,4,3,3,3,3,4,4,3,3,3,3,3,3
46,4,4,4,3,4,4,4,4,3,3,4,4,3,3,3,4,4,4,3,3,4,3,3,3,4,3,3,3,3,3,3,3,4,3,2,4,3,3,4
47,5,5,4,4,5,5,5,4,4,4,4,4,5,4,4,4,5,4,4,4,4,3,3,4,5,4,4,4,4,5,5,5,4,5,5,6,4,5,4
48,3,4,4,3,4,4,3,4,3,3,3,3,3,3,3,4,4,4,2,2,2,2,2,3,4,4,4,3,4,3,3,4,4,4,4,4,4,5,4
49,4,4,4,3,4,4,3,4,4,3,3,3,3,3,3,4,3,4,4,4,3,3,3,4,4,3,3,3,3,3,2,3,3,2,2,2,2,2,2
50,3,3,3,2,3,3,3,3,3,2,3,2,2,2,2,3,3,3,3,2,3,3,3,3,3,3,3,3,2,2,2,2,3,2,1,2,2,2,3
51,5,5,4,4,5,5,5,4,5,5,4,5,4,4,4,4,5,5,3,3,3,2,3,5,4,4,4,4,5,4,4,4,5,4,4,4,5,5,4
52,3,3,3,3,3,3,3,3,3,3,3,3,3,3,3,3,3,3,2,3,2,2,2,4,3,3,3,3,4,3,4,3,4,3,2,3,3,3,4
53,5,6,6,4,5,6,5,6,5,4,6,5,6,5,5,5,5,5,5,4,6,3,5,6,6,5,5,6,6,6,6,6,5,5,6,5,6,5,5
54,4,3,3,3,3,4,3,4,3,3,3,3,3,3,3,4,3,3,4,5,5,4,4,4,4,3,4,3,3,3,3,3,3,2,2,3,2,3,3
55,3,3,3,3,3,3,3,3,3,2,3,3,3,3,3,3,3,4,5,4,6,5,5,3,4,4,4,4,3,4,4,4,4,3,3,3,3,3,3
56,3,3,3,3,3,3,3,3,3,3,3,3,3,3,3,3,3,3,2,2,2,2,2,3,3,3,3,2,3,2,3,2,3,2,2,3,2,2,2
57,3,4,4,3,3,4,4,4,4,3,3,3,3,3,4,4,4,3,4,4,6,4,5,4,4,4,4,4,4,3,3,4,5,3,4,4,5,5,4
58,5,6,5,5,4,4,5,5,4,4,5,4,5,5,5,5,5,5,4,4,6,4,4,4,5,5,4,4,6,5,5,5,5,5,4,5,5,4,5
59,5,5,5,4,4,4,5,5,4,4,5,3,4,4,4,5,4,5,1,2,1,1,1,4,4,5,4,4,4,3,4,3,5,3,3,4,3,3,3
60,3,3,3,3,3,3,3,3,3,3,3,3,3,3,3,3,3,3,4,4,4,4,4,3,3,3,3,3,3,3,3,3,4,3,2,3,3,3,3
61,5,6,6,4,5,5,5,5,6,5,4,4,5,4,4,5,6,6,4,3,3,3,4,7,6,6,5,6,4,4,5,5,6,5,5,5,6,5,4
62,4,5,5,5,5,4,5,4,5,4,5,4,4,4,4,5,4,5,3,4,4,3,5,6,5,5,5,4,5,5,6,5,5,5,4,5,5,6,5
63,3,3,3,3,3,3,3,3,3,3,3,3,3,3,3,3,3,3,4,3,3,3,3,3,3,3,3,3,2,2,2,2,3,2,2,2,2,2,3
64,4,5,4,4,4,5,4,4,4,3,5,3,4,4,4,5,5,5,2,2,2,2,2,4,4,4,4,3,3,3,3,4,4,3,3,3,3,4,4
65,5,4,5,4,5,4,4,5,4,4,4,4,4,4,3,4,5,4,2,2,2,2,2,5,5,4,4,4,5,5,5,5,6,4,4,4,4,4,4
66,4,4,4,3,4,4,4,4,4,3,4,4,3,3,4,4,4,4,2,2,1,1,2,3,3,3,3,3,4,4,4,4,4,3,3,4,3,4,4
67,2,2,2,2,2,2,2,2,2,2,2,2,2,2,2,2,2,2,3,3,3,2,3,3,3,3,3,2,2,2,2,2,3,2,2,2,2,2,2
68,4,5,4,4,5,4,5,4,5,4,4,4,4,4,4,5,5,4,3,3,3,3,3,5,5,4,4,5,4,4,4,4,4,4,4,5,5,4,5
69,4,5,4,4,4,4,5,4,4,4,5,3,4,4,4,4,4,5,3,4,4,3,4,4,4,4,4,3,4,3,4,4,4,3,3,4,3,4,4
70,4,3,4,3,4,4,4,4,3,3,4,3,3,3,3,4,3,4,3,4,3,3,3,4,4,5,4,3,3,4,4,4,5,4,4,5,3,4,3
71,4,4,3,3,4,4,4,4,3,3,4,3,4,4,3,4,4,4,4,3,3,4,3,4,4,4,4,4,4,4,4,4,5,4,3,4,3,3,5
72,3,3,3,3,3,3,3,3,3,3,3,3,3,3,3,3,3,3,3,3,3,3,3,3,3,3,3,2,3,3,3,3,3,2,2,2,2,2,3
73,6,5,5,5,5,6,6,5,6,5,5,5,5,5,5,6,5,6,5,6,4,5,4,5,5,5,5,4,5,5,5,5,5,4,3,4,4,5,5
74,3,4,4,3,3,3,4,4,4,3,3,3,3,3,3,4,4,4,5,6,5,4,6,4,4,4,4,3,4,3,4,3,4,3,3,3,3,3,3
75,3,3,3,3,3,3,3,3,3,3,3,3,3,2,3,3,3,3,5,5,5,4,6,4,4,4,3,3,3,3,3,3,3,3,3,3,4,3,3
76,5,4,4,3,4,4,5,5,4,4,4,4,4,4,4,4,5,4,1,1,1,1,2,4,5,4,4,4,4,5,4,4,6,4,4,4,4,4,6
77,4,4,4,4,4,4,4,4,3,4,3,3,3,4,3,4,4,4,3,3,5,4,3,3,4,4,4,3,3,3,3,3,4,2,2,3,3,3,3
78,3,3,3,2,3,3,3,3,3,2,3,2,2,2,2,3,3,3,5,5,6,4,6,3,4,3,3,3,3,3,3,4,4,3,3,4,4,4,4
79,4,3,3,3,3,3,3,3,3,3,3,3,3,3,3,3,4,3,3,2,3,2,3,3,3,3,3,3,3,3,3,3,4,3,3,3,3,3,3
80,3,4,4,4,3,4,4,4,3,3,3,3,3,3,4,4,4,4,4,3,3,4,4,4,4,3,4,3,4,4,3,4,4,3,4,5,4,4,3
81,4,5,4,4,4,5,4,4,4,4,3,3,4,4,4,5,4,4,2,2,2,2,2,5,4,4,4,4,5,4,4,4,4,4,4,5,3,4,4
82,4,4,4,4,5,4,5,5,4,4,4,4,4,5,4,4,5,5,2,2,3,3,3,4,5,5,5,4,4,4,3,4,5,3,4,3,4,4,4
83,4,4,4,3,4,3,4,4,4,4,4,3,4,4,4,4,4,5,5,3,4,3,4,4,4,4,4,3,4,4,4,3,4,3,3,3,3,3,4
84,5,4,4,4,4,5,4,5,5,4,4,3,5,4,4,5,4,5,3,3,3,4,4,5,4,6,5,4,4,4,4,5,5,4,4,4,5,4,5
85,3,3,4,3,3,3,4,3,3,3,3,3,3,3,3,4,3,4,4,3,3,3,4,4,4,4,3,3,4,4,4,4,5,4,3,5,3,4,4
86,6,5,5,4,5,5,5,5,5,5,5,5,5,5,5,6,5,5,6,5,5,5,6,6,5,7,4,6,5,4,5,5,5,4,4,6,5,4,5
87,4,4,4,3,4,3,4,4,4,3,4,3,3,3,4,4,4,4,3,3,3,3,4,4,4,4,4,4,4,3,4,4,4,4,3,4,3,4,4
88,2,2,2,2,2,2,2,2,2,2,2,2,2,2,2,2,2,2,4,3,3,3,3,2,3,3,3,2,2,2,2,2,3,3,2,3,3,3,3
89,3,3,3,3,3,3,3,3,3,3,3,3,3,3,3,3,3,3,4,3,4,3,4,4,4,3,3,3,3,3,3,3,3,3,3,3,3,3,3
90,4,4,4,3,4,3,4,4,4,4,3,4,3,3,3,4,4,4,5,4,5,4,5,4,4,4,4,5,4,4,5,5,6,5,4,5,5,4,4
91,3,3,3,3,3,3,3,3,3,3,3,3,3,3,3,3,3,4,4,3,3,4,4,3,4,3,3,3,3,3,3,3,3,2,2,3,2,3,3
92,4,3,4,3,4,4,3,4,3,3,3,4,4,3,3,4,4,4,5,4,4,4,5,4,4,4,4,4,3,4,4,4,4,4,4,5,4,4,4
93,2,2,2,1,2,2,2,2,1,1,1,1,1,1,2,2,2,2,3,3,4,4,4,2,2,2,2,1,2,2,1,1,2,2,2,2,2,2,2
94,5,5,5,4,5,5,4,5,4,4,4,4,4,4,4,4,5,4,3,4,4,4,3,4,4,5,4,4,4,3,4,4,5,3,4,4,4,5,3
95,4,4,4,3,4,4,4,4,4,3,4,3,4,3,3,4,4,5,2,3,2,3,2,4,5,5,4,4,4,4,5,4,5,4,4,4,4,4,4
96,6,6,6,5,6,5,6,6,5,5,5,4,5,5,4,6,5,5,4,3,4,3,4,7,6,7,6,5,7,5,5,5,7,5,5,5,5,5,5
97,3,3,3,3,3,3,3,3,3,2,3,2,3,2,2,3,3,3,0,0,1,0,0,3,3,3,3,2,3,3,3,3,4,2,2,3,2,3,3
98,5,6,5,6,5,5,6,6,6,4,5,5,5,5,5,5,5,6,2,2,2,2,2,5,6,6,5,5,5,4,5,5,5,5,5,5,5,5,4
99,5,4,4,3,4,4,4,4,4,3,4,3,4,4,4,5,4,4,2,3,2,2,2,4,4,4,4,3,4,4,4,4,4,4,4,4,4,4,5
100,3,3,3,3,3,3,3,3,3,2,3,3,3,3,3,3,3,3,3,3,3,3,2,4,4,3,4,3,3,3,3,3,4,3,3,4,3,3,3
101,4,4,4,3,4,3,4,4,3,3,4,3,4,3,4,3,3,4,3,3,4,4,3,4,5,5,4,4,4,4,4,5,5,4,3,4,3,4,5
102,3,3,3,2,3,2,3,3,2,2,2,2,2,2,2,3,3,3,3,3,3,3,3,3,3,3,3,2,2,2,2,2,3,2,2,2,2,2,3
103,5,6,5,5,4,5,4,5,5,5,5,5,5,5,4,6,5,6,5,4,6,5,5,5,4,4,4,5,4,4,3,4,4,3,3,4,3,3,4
104,3,3,2,2,3,3,3,3,2,2,2,2,2,2,2,3,3,3,4,2,3,3,3,2,3,2,2,2,3,3,3,3,3,3,3,4,3,3,2
105,4,4,4,3,4,4,4,4,3,3,4,3,3,4,3,4,4,4,4,4,5,3,5,4,4,4,4,3,4,3,3,3,4,4,3,4,3,3,3
106,4,4,4,3,4,4,4,4,4,3,4,3,4,4,3,4,4,4,3,3,5,4,4,3,4,4,4,3,3,3,3,3,4,3,3,3,3,3,4
107,1,1,1,1,2,2,2,2,1,1,1,1,1,1,1,1,1,1,5,3,5,3,4,1,2,2,2,1,2,2,2,2,2,2,1,1,1,1,2
108,4,4,4,4,4,4,4,4,4,4,3,3,4,4,4,4,4,4,4,3,4,3,3,4,5,5,5,4,4,4,4,4,4,4,3,4,4,4,3
109,4,4,4,3,4,3,4,4,4,3,4,3,3,3,3,4,4,4,4,4,4,4,6,3,4,4,3,3,3,3,3,3,3,3,3,3,3,3,3
110,5,5,5,4,5,4,6,4,5,4,5,4,5,5,5,4,5,6,5,5,5,7,7,6,5,6,5,5,6,4,5,6,5,6,6,6,5,7,5
111,2,2,2,2,2,2,3,3,2,2,2,2,2,2,2,2,2,3,3,4,4,4,3,3,3,3,3,3,3,3,3,3,3,3,2,3,2,2,3
112,4,5,5,4,4,4,4,5,3,4,4,4,3,4,4,4,4,4,3,3,3,3,4,4,5,5,4,4,4,4,4,4,4,4,3,5,4,5,4
113,4,4,4,3,3,4,4,4,4,3,3,4,4,4,4,4,4,4,3,3,4,3,3,4,4,4,4,4,4,4,4,3,4,3,3,4,4,4,4
114,3,3,3,3,3,3,3,3,3,3,3,2,3,3,3,3,3,3,4,5,6,5,5,3,4,3,3,3,3,3,3,3,4,3,3,3,3,3,3
115,3,4,4,3,4,4,4,4,4,3,3,3,3,3,3,4,4,4,3,3,4,3,3,4,4,4,4,4,3,3,3,4,4,3,3,3,3,3,4
116,4,5,4,3,4,4,4,5,4,3,4,4,4,4,4,5,4,5,3,3,3,3,3,3,4,4,4,3,3,3,3,4,4,3,2,3,3,3,3
117,5,4,5,4,5,5,5,4,5,4,4,4,4,4,5,5,4,4,2,2,2,2,2,4,6,4,4,4,5,5,4,4,5,5,4,5,4,4,4
118,3,4,4,3,3,4,3,3,4,3,4,3,3,3,3,4,3,4,3,3,3,3,4,3,3,3,3,3,3,3,3,3,3,3,2,3,3,3,3
119,5,6,5,4,5,4,5,5,4,4,5,4,5,5,5,5,5,5,1,1,1,1,1,5,5,6,4,5,5,4,4,5,5,5,4,6,5,5,4
120,4,3,4,3,4,4,4,4,3,3,3,3,3,3,3,4,3,4,4,3,4,3,4,3,3,3,3,3,3,3,3,3,3,3,3,3,3,3,3
121,6,6,5,5,5,6,5,5,5,4,4,5,5,5,4,6,6,6,4,4,5,4,4,4,5,4,5,5,6,4,4,6,6,4,4,4,5,5,6
122,3,3,3,3,3,3,3,3,3,2,2,2,2,2,2,3,3,3,3,5,4,4,4,3,4,3,3,3,4,4,3,3,5,4,3,5,4,4,3
123,4,4,4,3,4,4,4,4,4,4,4,3,4,4,4,4,4,4,2,2,3,2,2,4,4,5,4,4,5,5,4,4,5,4,4,4,4,4,4
124,5,5,4,4,4,4,5,5,4,4,4,4,4,5,4,4,5,5,3,4,4,3,3,4,4,5,3,3,4,4,4,4,4,3,3,4,3,3,4
125,3,3,3,3,3,3,3,3,3,3,3,3,3,3,3,3,3,4,4,3,3,2,3,3,4,4,3,3,3,3,3,3,4,3,3,3,3,4,3
126,6,6,5,5,4,5,5,5,5,4,4,4,5,5,4,6,5,6,5,6,6,5,4,7,6,6,5,4,5,6,5,6,6,6,6,7,7,6,6
127,4,4,5,4,4,4,4,4,4,3,5,3,4,3,4,5,4,5,6,6,5,4,5,5,5,4,4,4,4,4,3,4,4,4,3,4,4,3,4
128,3,3,3,3,3,3,3,3,3,2,3,3,3,3,3,3,3,4,3,2,2,3,3,3,3,3,3,3,5,4,4,5,4,4,3,5,4,4,4
129,3,3,3,3,3,3,3,3,3,2,3,2,3,3,3,3,3,3,7,4,6,5,6,3,3,3,3,3,3,3,3,3,3,3,3,4,3,3,4
130,5,4,4,4,5,4,4,4,4,4,4,4,4,4,4,5,4,4,4,3,5,3,3,5,4,4,5,3,4,4,4,4,4,4,4,4,4,4,4
131,4,5,6,5,4,5,6,5,5,5,4,4,5,5,4,6,6,5,5,5,5,4,4,6,6,5,5,5,5,4,4,5,4,4,5,4,4,4,4
132,3,3,3,3,3,3,3,3,3,3,3,3,3,3,3,3,3,3,7,5,5,6,4,3,3,3,4,3,4,4,3,3,5,4,3,3,4,4,4
133,4,4,4,3,4,3,4,4,4,4,3,4,4,4,4,4,4,4,3,3,2,2,2,4,4,4,3,3,3,3,4,4,4,4,4,4,4,4,4
134,5,5,4,4,4,4,5,5,4,4,4,4,4,4,4,5,5,5,4,4,5,4,4,4,4,4,4,4,4,5,4,6,5,5,5,6,6,6,5
135,3,4,4,3,3,4,3,3,3,3,3,3,3,3,3,3,4,4,4,3,4,3,3,4,4,4,4,3,4,4,4,4,5,3,3,4,3,4,3
136,4,4,4,3,4,4,4,4,4,3,4,3,3,4,4,4,4,4,3,3,4,3,3,4,4,3,3,3,3,3,3,3,4,3,3,3,3,3,3
137,5,6,5,4,5,5,4,5,4,4,5,5,5,4,4,4,5,6,4,4,3,3,3,5,5,4,4,4,4,4,4,4,4,3,3,4,4,4,4
138,4,4,5,4,4,4,5,5,4,4,4,3,4,4,4,4,4,4,5,4,4,4,4,4,4,4,4,3,4,4,3,4,4,4,3,4,4,4,4
139,5,5,5,4,5,5,6,4,5,5,5,4,5,5,5,4,6,5,3,3,3,3,4,6,5,6,4,4,5,5,5,4,5,5,5,6,5,5,4
140,4,4,4,4,4,4,4,4,4,4,4,4,4,4,4,4,4,5,4,4,5,5,5,4,5,4,4,4,5,4,4,4,5,4,4,4,4,4,4
141,5,5,4,4,5,4,5,5,4,4,4,3,4,4,5,5,4,5,4,4,4,3,4,4,5,5,4,5,4,5,4,4,5,4,4,6,5,5,4
142,5,5,4,3,4,4,5,4,4,4,5,4,4,4,3,4,4,5,1,1,1,1,1,4,4,4,4,3,4,3,3,3,4,3,3,3,3,3,4
143,3,3,3,3,3,3,3,3,3,2,3,2,3,2,3,3,3,3,2,3,2,2,3,2,3,3,3,2,2,2,2,2,3,2,2,2,2,2,2
144,5,4,5,4,5,4,4,5,4,4,4,4,4,4,4,4,4,5,3,3,4,3,3,4,5,5,4,4,5,4,4,4,4,4,3,4,4,3,4
145,4,4,4,3,4,4,4,4,4,4,4,3,4,4,4,4,4,4,2,2,2,2,2,3,3,3,3,3,3,3,3,3,3,3,3,4,3,3,3
146,5,4,4,4,4,4,4,4,4,4,3,4,4,4,4,5,4,4,4,5,5,3,5,4,5,5,4,4,4,5,5,5,5,4,4,6,5,6,5
147,4,4,4,4,4,5,5,4,4,4,4,4,4,4,4,4,5,4,4,6,5,5,6,4,4,4,4,3,4,5,4,4,5,4,5,5,4,5,5
148,4,4,4,4,5,4,5,5,5,4,5,4,4,4,5,5,5,4,4,5,5,4,4,5,5,5,5,4,4,4,4,4,4,4,4,4,4,4,5
149,3,3,3,3,4,3,4,3,3,3,3,3,3,3,3,4,4,3,3,3,5,3,4,3,4,4,3,3,3,3,3,3,3,3,2,3,3,3,3
150,4,4,4,4,4,5,5,5,4,4,4,3,5,4,4,4,5,5,3,4,4,4,5,4,4,5,4,3,4,4,3,4,4,4,4,4,4,4,4
151,3,3,3,3,3,3,3,3,3,2,2,2,2,2,2,3,3,3,2,3,2,2,2,3,3,3,3,2,3,3,3,3,3,3,2,3,3,3,3
152,6,5,5,5,5,5,5,5,4,5,5,4,4,5,5,5,5,6,2,2,2,2,3,6,5,5,5,4,5,5,5,5,6,4,4,4,4,4,5
153,6,6,5,4,5,5,5,6,4,5,5,5,5,6,6,5,6,5,2,2,2,1,2,6,5,5,4,4,6,6,5,6,6,5,4,6,6,6,5
154,5,5,4,4,4,4,4,4,4,4,4,4,4,4,4,4,5,4,3,3,3,3,3,4,4,3,3,3,3,3,3,3,4,3,3,4,3,4,4
155,4,4,4,3,4,4,4,4,4,3,4,3,4,3,3,4,4,4,4,4,4,4,4,4,4,4,3,3,4,4,3,4,4,3,3,4,3,4,4
156,4,4,5,3,4,4,4,4,4,4,4,3,4,4,4,4,4,5,4,4,4,4,5,4,4,5,5,4,5,4,4,4,5,4,5,5,5,6,5
157,4,4,4,4,4,4,4,4,5,4,4,3,4,3,4,4,4,4,2,2,2,1,2,3,4,4,3,3,4,3,4,3,4,3,3,3,3,3,4
158,4,4,4,4,4,4,5,4,4,3,4,4,4,3,4,5,5,4,4,4,4,4,4,4,4,4,3,4,5,5,4,4,5,3,3,3,3,4,4
159,4,4,4,3,4,4,5,4,4,4,4,3,4,3,4,4,4,4,3,4,3,4,4,3,3,4,3,3,3,3,3,4,4,3,3,4,3,4,3
160,3,3,3,3,3,3,3,3,3,3,3,3,3,3,3,3,3,3,5,5,6,4,6,3,3,3,3,3,4,3,3,3,4,3,3,3,3,3,3
161,3,3,3,3,3,3,3,3,3,3,3,2,3,3,3,3,3,3,2,2,3,2,2,3,3,3,3,2,2,2,2,2,2,2,1,2,2,2,2
162,4,5,4,4,4,4,4,4,4,4,4,3,3,4,3,4,4,5,5,5,4,5,4,5,5,5,4,5,5,5,5,5,5,5,4,5,4,5,4
163,4,4,4,4,4,4,4,4,4,3,4,4,4,4,4,5,5,4,4,4,4,3,4,4,4,4,4,3,3,3,3,3,4,3,2,3,3,3,4
164,4,4,4,4,4,3,4,4,3,3,4,3,3,3,4,4,4,4,3,3,3,3,2,4,4,4,4,4,3,4,3,3,4,3,3,3,4,3,4
165,4,4,4,4,4,4,5,4,4,4,4,4,4,4,4,4,4,4,3,3,4,3,3,3,3,4,3,3,3,3,3,3,3,2,2,3,2,2,3
166,6,5,6,4,6,5,5,5,4,5,6,4,5,4,4,5,5,5,4,4,3,3,4,5,5,6,6,6,6,6,5,6,7,5,5,6,5,5,5
167,3,3,3,2,3,3,3,3,3,2,3,3,3,2,3,3,3,3,5,4,4,5,5,3,3,3,3,3,3,3,3,3,4,3,3,3,3,3,3
168,3,3,4,3,4,3,4,4,4,3,4,3,3,3,3,4,3,4,2,3,4,3,3,3,3,3,3,3,3,3,3,3,3,3,2,3,3,3,3
169,6,6,5,4,5,5,6,5,5,4,6,4,5,5,4,4,5,5,3,3,3,2,3,5,5,5,5,5,6,5,4,5,7,5,5,6,5,6,6
170,4,4,4,3,4,4,4,4,4,3,4,4,3,4,4,4,4,4,5,5,4,4,5,4,4,5,3,4,3,3,3,3,4,3,2,3,3,3,4
171,1,2,1,1,2,1,2,1,2,1,1,1,1,1,1,2,2,2,4,4,3,4,4,1,2,1,2,1,1,1,1,1,2,1,1,1,1,1,1
172,5,4,4,3,4,4,5,4,4,3,4,3,3,4,4,4,5,4,2,2,2,2,2,3,4,4,3,3,4,3,4,4,4,4,4,4,4,4,4
173,3,3,3,2,3,3,3,3,3,2,2,2,2,2,3,3,3,3,4,4,5,4,5,4,4,3,3,3,3,3,3,3,3,3,2,3,3,3,2
174,6,5,5,4,5,4,4,5,5,4,4,4,4,5,5,5,6,5,2,3,3,3,2,5,5,4,5,5,5,4,4,4,5,4,4,4,5,4,4
175,5,4,5,4,5,4,5,5,4,4,5,4,4,4,4,4,5,4,4,3,3,4,4,5,5,4,5,4,4,4,4,4,5,5,5,5,5,5,4
176,4,5,5,4,5,5,5,6,5,4,5,5,4,5,4,5,5,5,5,4,4,3,5,6,6,5,5,5,4,5,4,5,5,5,4,4,5,5,5
177,5,5,7,5,6,5,6,6,5,5,5,5,5,6,5,5,6,5,3,3,3,3,2,6,5,7,5,5,6,6,6,7,7,6,5,7,5,7,5
178,3,4,4,3,4,4,4,4,4,3,3,3,4,4,4,4,4,4,2,2,2,2,2,4,4,4,3,4,4,3,3,3,4,3,3,4,4,3,4
179,4,6,5,4,5,5,5,5,4,4,5,4,4,4,5,6,5,5,4,4,4,4,3,7,5,6,6,6,6,6,5,5,5,5,5,5,5,5,5
180,5,5,5,5,4,5,5,4,4,4,4,5,4,5,5,6,5,5,1,1,1,1,1,4,5,5,5,4,4,4,4,5,4,4,4,5,4,5,5
181,5,6,5,4,5,5,5,6,4,5,6,4,4,5,4,6,6,6,4,4,5,3,3,4,5,5,4,5,5,4,4,5,5,4,5,4,5,5,5
182,4,4,4,3,4,4,4,3,3,3,4,3,4,3,4,4,4,4,2,2,2,2,2,3,4,4,4,4,3,3,3,4,4,3,3,3,3,3,4
183,4,4,4,3,4,3,4,4,4,3,3,3,3,3,3,4,4,4,4,4,3,3,5,4,4,4,4,4,4,5,4,4,4,5,4,5,5,4,3
184,5,6,4,5,5,5,5,5,4,4,5,5,4,4,4,5,5,5,3,4,3,2,3,6,6,5,5,5,4,5,4,5,4,5,6,5,6,6,4
185,3,3,3,3,3,3,4,4,3,3,4,3,3,3,3,3,4,3,2,2,2,2,2,3,3,3,3,3,3,3,3,3,4,3,2,3,3,3,3
186,4,4,4,4,4,4,5,4,4,4,4,3,4,4,4,5,4,4,3,3,3,3,4,4,4,4,4,4,4,4,4,4,4,3,3,3,3,3,4
187,4,4,3,3,3,4,4,4,4,3,3,3,4,3,4,4,3,4,4,5,5,4,4,3,4,3,3,3,3,3,3,3,4,3,2,3,3,3,4
188,5,4,4,3,4,4,5,4,4,3,4,3,4,4,4,4,5,4,1,1,1,1,1,4,4,4,4,4,4,5,5,5,5,5,5,5,5,5,4
189,5,5,4,4,4,5,5,4,4,5,4,4,4,4,4,4,4,5,4,4,6,4,4,5,4,5,4,4,5,5,4,4,5,5,4,5,5,4,4
190,4,4,4,4,4,4,4,4,4,3,4,3,3,4,4,4,4,4,3,4,4,3,4,4,4,5,4,4,4,3,4,3,4,3,3,3,3,3,3
191,4,4,4,3,4,3,3,4,3,3,4,3,3,3,3,4,3,4,6,5,5,4,6,4,4,4,3,3,4,3,3,3,4,3,3,4,4,3,4
192,6,5,5,5,4,5,6,5,4,4,4,5,5,5,4,4,6,5,4,4,6,4,5,5,5,4,4,4,4,5,4,4,6,5,5,5,6,6,5
193,6,7,6,6,7,6,6,7,6,6,5,5,7,5,6,7,7,7,2,2,2,2,3,6,5,6,5,5,5,5,5,5,5,5,5,5,4,5,5
194,4,4,5,4,5,5,5,4,5,5,4,4,4,4,4,5,5,4,2,3,2,2,3,6,5,6,4,4,5,4,4,5,4,4,4,4,4,3,4
195,6,5,6,4,5,5,5,6,6,4,6,4,5,5,4,5,5,5,7,7,6,4,7,4,5,5,5,4,5,4,5,6,6,5,4,6,4,5,5
196,5,6,6,4,5,6,5,6,5,4,6,5,5,5,6,5,6,6,3,4,3,3,3,4,5,5,4,5,5,4,4,5,5,4,4,6,4,4,4
197,4,4,4,3,4,4,4,4,4,3,4,3,4,4,3,4,4,4,4,4,3,3,4,4,5,5,4,4,3,4,4,4,4,3,4,4,4,3,4
198,5,5,5,4,5,4,5,4,5,3,4,3,4,3,4,5,5,5,3,3,4,3,3,5,4,5,4,5,4,4,4,4,5,5,4,4,4,4,4
199,4,4,4,3,3,3,3,4,3,3,3,3,3,3,3,4,4,4,3,3,5,3,4,4,4,4,4,3,4,3,3,4,4,3,2,3,3,3,3
200,4,4,4,3,4,3,4,4,4,3,4,4,3,3,3,4,4,4,5,4,5,4,5,4,5,4,4,3,4,4,3,4,4,3,4,4,4,4,4
201,4,5,5,4,5,4,5,4,5,4,5,4,5,4,5,4,5,6,4,4,5,4,4,4,5,4,4,5,4,4,4,4,5,4,4,4,4,4,4
202,3,4,4,3,4,3,4,4,3,3,3,3,3,3,3,3,4,3,1,1,1,1,1,4,4,4,3,3,4,4,4,4,5,4,4,5,4,5,4
203,3,3,3,3,3,3,3,3,3,3,3,3,3,3,3,3,3,3,3,4,4,4,3,2,3,2,3,2,2,2,2,2,3,2,1,2,1,2,3
204,4,5,4,4,5,5,4,4,4,4,5,4,4,4,4,5,5,4,3,3,3,3,2,5,5,5,5,4,4,4,4,4,4,3,3,3,3,3,4
205,4,3,3,3,3,3,3,3,3,3,3,3,3,3,3,4,3,4,5,4,5,4,6,4,4,4,4,4,3,4,3,4,4,3,3,3,3,3,4
206,4,5,4,4,4,5,4,5,4,4,4,3,4,4,4,5,4,5,4,4,4,4,3,4,4,5,4,5,5,4,4,5,6,4,4,5,4,5,5
207,5,5,5,3,5,4,5,4,4,4,5,4,4,4,3,4,5,5,3,3,3,2,3,3,4,4,4,4,4,4,3,4,4,4,3,3,3,3,4
208,3,3,3,3,3,3,3,3,3,3,3,2,3,3,3,3,3,3,3,3,3,2,3,3,3,3,3,2,3,3,3,3,3,3,2,3,3,3,3
209,4,4,4,4,4,4,4,4,3,3,4,4,3,4,4,4,4,4,3,3,4,3,3,4,4,4,4,4,4,4,4,4,4,4,4,4,4,4,3
210,4,4,3,3,3,4,3,4,3,3,3,3,3,3,3,4,3,4,4,5,4,5,4,3,4,3,3,3,4,3,3,4,4,3,4,4,3,3,4
211,4,4,4,4,4,4,4,4,4,3,3,4,3,4,3,4,4,4,2,2,2,2,2,4,4,5,4,4,4,4,4,3,4,4,3,4,4,4,4
212,4,4,4,3,4,4,5,4,4,4,4,4,4,3,3,5,4,5,3,5,3,3,5,3,4,4,4,4,3,4,3,3,4,4,3,4,4,3,4
213,4,4,4,4,4,5,4,4,4,3,4,4,4,4,4,5,4,5,5,5,5,3,4,4,5,5,5,4,4,4,4,5,5,5,4,4,4,4,5
214,4,4,3,3,3,3,4,4,4,3,3,3,3,3,3,4,4,4,4,4,3,3,4,3,3,3,3,2,2,3,2,3,3,2,2,2,2,2,2
215,4,4,4,3,4,3,4,4,4,3,4,3,3,3,4,4,4,4,2,3,3,2,3,3,3,3,3,2,2,2,2,2,3,2,2,2,2,2,3
216,3,3,3,3,3,3,3,3,3,3,3,3,3,3,3,4,3,3,2,2,2,2,2,3,4,4,3,3,3,3,3,3,4,3,3,3,3,3,3
217,5,5,5,4,4,4,4,4,4,3,4,4,4,4,4,5,4,4,3,4,4,3,4,4,4,4,4,3,4,3,3,3,4,3,2,3,2,3,3
218,4,5,4,4,4,4,5,5,5,4,4,4,4,4,4,4,5,5,3,2,3,3,3,5,5,4,5,4,4,4,4,4,5,5,4,6,5,6,5
219,4,5,4,4,4,4,5,5,5,4,4,4,4,4,4,4,4,5,5,5,5,5,5,4,4,4,4,4,4,4,4,4,4,4,3,3,4,3,4
220,3,3,3,3,3,3,3,3,3,3,3,2,3,3,3,3,3,3,4,5,4,3,4,3,4,3,3,3,3,3,3,3,4,2,2,3,3,3,3
221,4,4,4,3,4,4,4,4,4,4,4,4,3,4,4,4,4,4,4,3,5,3,4,4,5,5,4,4,4,5,4,5,5,5,5,4,5,4,4
222,4,4,5,4,5,4,4,5,5,4,5,4,4,4,4,4,4,4,4,3,3,4,3,5,4,5,4,4,5,5,4,4,5,5,4,5,5,4,4
223,5,6,5,4,5,5,5,5,5,4,4,4,4,5,5,6,5,5,3,3,3,2,3,4,5,5,4,3,4,5,5,5,5,5,5,6,5,6,4
224,4,4,3,3,3,4,4,4,4,3,4,3,4,3,4,4,4,4,3,3,4,4,4,4,4,4,4,3,4,4,3,4,5,4,3,4,4,5,4
225,4,3,3,3,3,3,3,4,3,3,3,3,3,3,3,3,3,4,3,3,3,3,4,4,4,4,4,3,4,3,3,3,4,3,3,3,3,3,3
226,5,5,4,4,4,4,4,5,4,4,4,3,4,3,4,4,4,5,4,4,4,4,4,5,4,4,4,4,4,4,4,4,4,3,3,4,3,4,4
227,5,5,4,4,5,5,4,4,4,4,4,4,4,4,5,5,4,4,2,2,2,2,2,5,4,5,4,4,4,4,4,4,4,4,3,4,4,4,4
228,5,6,5,5,5,5,5,4,5,5,5,4,5,5,5,4,5,6,5,5,4,4,5,7,5,7,6,5,5,4,4,4,6,5,4,5,5,6,5
229,4,4,4,3,4,4,4,4,4,3,3,3,3,3,3,4,4,4,5,6,6,4,4,4,4,4,4,3,3,3,3,4,4,3,2,3,3,3,3
230,4,4,3,3,4,4,4,4,4,3,3,3,3,3,3,4,4,4,4,4,3,3,3,3,4,4,3,3,3,4,4,4,5,5,4,5,5,4,4
231,5,4,4,3,4,4,5,4,4,3,5,3,3,4,4,4,5,5,3,3,3,2,2,4,4,4,4,4,4,4,4,4,4,3,3,4,3,4,4
232,5,5,4,4,5,5,4,5,4,5,5,4,4,4,5,5,4,5,4,5,5,4,4,4,5,4,4,5,5,5,4,4,6,4,4,4,4,4,4
233,4,4,5,4,4,4,4,4,4,3,4,4,3,4,4,4,5,4,3,3,4,3,4,4,4,4,4,3,4,4,4,4,5,4,4,4,3,4,4
234,5,5,4,4,5,5,4,4,4,4,4,4,4,4,4,4,4,4,3,3,3,3,3,5,5,4,4,5,4,4,4,4,4,3,4,5,4,4,3
235,4,5,4,4,4,4,4,4,4,3,4,4,4,4,3,4,5,4,5,4,6,4,4,4,4,4,4,4,5,5,4,4,6,5,5,5,4,5,5
236,6,5,5,4,5,4,5,4,6,4,5,4,5,5,6,5,5,6,4,3,5,4,3,5,5,4,5,4,5,4,4,4,5,4,4,4,5,5,4
237,4,5,5,4,5,5,5,4,5,4,5,4,5,5,4,5,5,4,3,4,4,3,4,4,4,4,4,3,4,4,4,4,4,4,5,4,5,4,4
238,3,4,3,3,3,3,3,3,3,3,3,3,3,3,3,4,4,4,4,5,5,5,5,3,3,3,3,3,3,3,3,3,3,3,3,3,3,3,3
239,5,6,5,4,5,5,5,6,5,5,6,4,5,5,5,5,6,6,3,3,4,4,3,6,6,5,5,6,7,6,5,6,6,5,5,5,5,5,6
240,4,4,4,4,3,3,4,4,4,3,4,4,3,3,3,4,3,4,3,4,4,3,3,4,4,5,4,4,4,4,4,5,6,5,4,5,4,5,4
241,5,5,7,5,6,6,7,6,5,5,5,4,5,4,6,6,5,7,5,4,4,3,5,6,5,5,5,5,5,5,5,6,5,6,5,6,5,5,6
242,3,3,3,2,3,3,3,3,3,2,3,2,3,2,2,3,3,3,2,1,1,1,1,2,2,2,2,2,2,2,2,2,3,2,2,2,2,2,2
243,6,6,5,5,5,5,6,5,5,5,5,4,4,5,4,5,5,5,2,2,2,2,2,5,4,5,5,4,3,3,3,4,4,4,3,4,4,4,4
244,4,3,4,3,4,3,4,3,4,3,3,3,3,4,4,3,4,4,6,6,6,5,6,4,4,4,4,3,3,3,3,3,3,3,3,4,3,3,3
245,6,5,6,4,5,6,5,6,4,4,4,5,4,4,6,5,5,6,2,2,2,2,2,4,5,4,4,5,4,4,4,4,4,4,4,4,4,4,3
246,3,3,3,3,3,3,3,3,3,3,3,3,3,3,3,4,3,4,6,5,5,4,5,3,3,3,3,3,2,2,2,2,3,2,2,2,2,2,2
247,2,2,2,2,2,2,2,2,2,2,2,2,2,2,2,2,2,2,5,5,5,5,4,2,3,2,2,2,3,3,2,3,3,2,2,2,2,2,3
248,4,4,4,3,4,4,4,4,3,3,3,3,3,3,3,4,4,4,5,5,5,5,6,4,4,4,4,3,3,4,3,3,4,3,3,3,3,3,4
249,6,7,5,6,5,5,5,6,5,4,4,4,6,6,6,6,6,6,5,4,4,4,4,6,5,5,5,5,5,5,5,5,6,4,5,6,5,5,5
250,3,3,3,2,3,3,3,3,2,2,2,2,2,2,2,3,3,3,5,7,7,7,7,3,3,3,3,2,3,3,3,3,4,3,2,3,3,3,3
251,2,2,2,2,3,2,3,3,2,2,2,2,2,2,2,3,3,3,6,6,5,5,6,3,3,3,3,2,2,2,2,2,3,2,1,2,2,2,2
252,4,5,5,3,4,4,4,5,4,3,4,3,4,3,4,5,5,4,6,5,4,5,5,3,4,4,3,3,4,4,4,4,4,3,4,4,4,3,4
253,5,4,4,4,4,5,4,4,4,4,4,4,4,4,4,4,4,5,5,5,5,5,4,4,5,5,4,3,4,5,5,5,5,5,5,5,5,4,4
254,4,4,4,4,4,4,5,4,4,3,4,3,3,3,3,4,4,4,3,3,5,3,3,4,4,3,4,3,4,4,4,4,5,4,4,4,4,4,3
255,4,4,4,4,4,4,4,4,4,4,4,3,4,4,4,5,4,4,4,4,6,4,5,4,4,4,4,3,4,3,3,4,4,3,3,3,3,4,3
256,4,4,5,4,4,4,5,4,4,3,4,3,4,3,4,4,4,4,4,5,6,5,5,4,5,6,4,5,4,3,4,4,4,4,3,4,4,3,3
257,4,4,4,4,4,3,4,4,3,4,3,4,3,4,4,5,4,5,4,6,6,4,4,4,5,5,4,4,4,5,4,4,5,4,4,5,5,4,4
258,3,3,3,3,3,3,3,3,3,2,3,2,2,2,2,3,3,3,2,2,2,2,2,3,3,3,3,3,3,4,4,4,4,4,4,4,3,4,4
259,4,5,5,4,4,5,4,4,5,4,5,4,4,4,5,5,4,5,3,3,3,3,2,4,5,4,5,5,5,4,4,6,5,5,6,6,5,5,5
260,3,3,3,2,3,3,3,3,3,2,2,2,2,2,2,3,3,3,1,1,1,1,1,2,3,3,3,2,3,3,3,3,3,3,3,4,3,3,3
261,5,6,6,5,5,5,5,4,5,5,5,4,5,5,4,5,5,6,4,4,4,3,5,5,5,6,5,5,5,5,6,5,6,6,4,6,5,5,5
262,4,4,4,3,4,4,4,3,3,3,3,3,3,4,3,4,4,4,3,4,4,3,3,3,4,4,3,3,3,3,3,3,4,4,3,4,4,4,3
263,5,6,5,4,6,6,5,5,5,4,5,4,6,5,6,6,5,6,1,2,1,2,2,5,5,4,5,5,6,5,4,5,6,5,5,5,5,4,4
264,4,4,3,3,3,3,4,3,3,3,4,3,3,3,3,4,3,4,4,4,3,4,4,3,3,3,3,2,3,2,2,2,3,2,1,2,2,2,2
265,3,4,4,3,4,3,4,4,3,3,4,3,4,3,4,4,4,4,4,4,3,3,3,4,4,4,4,4,4,4,3,4,4,4,3,5,4,5,3
266,6,6,5,6,5,5,5,5,6,5,6,4,6,6,4,5,5,5,5,5,4,4,3,5,5,6,5,4,4,4,5,4,6,5,5,4,4,5,5
267,3,3,3,3,3,3,3,3,3,2,3,2,3,2,3,3,3,3,5,6,7,4,5,4,4,4,4,3,3,3,3,3,3,2,2,3,2,2,3
268,4,4,4,3,4,3,4,3,3,3,3,3,3,3,3,3,4,4,2,3,3,3,3,4,4,4,3,3,3,3,3,3,4,3,2,3,3,3,2
269,4,5,5,3,4,4,5,4,4,3,4,4,4,4,4,5,4,5,2,2,2,2,2,4,4,3,3,3,3,3,3,3,3,3,2,3,2,3,3
270,6,6,5,5,5,4,6,5,5,5,5,4,5,5,4,5,5,5,4,4,4,6,6,5,5,5,4,5,4,4,4,5,4,5,5,5,4,5,4
271,3,4,4,3,3,3,4,3,3,3,3,3,3,3,3,3,3,4,4,5,3,4,5,4,4,4,4,4,4,4,3,4,4,3,3,4,4,4,3
272,4,4,4,3,4,4,4,4,4,3,3,3,4,4,4,5,4,4,4,4,4,3,3,4,4,4,3,3,3,3,3,3,4,3,3,3,3,3,3
273,4,4,4,3,3,3,4,3,3,3,3,3,3,3,3,3,3,3,3,3,4,3,4,4,4,4,4,4,4,4,4,4,5,4,4,4,4,5,4
274,4,4,4,3,3,4,4,4,4,3,4,3,3,3,4,5,4,4,1,1,2,1,1,4,4,4,3,4,4,3,3,3,4,3,3,3,3,3,4
275,4,4,4,4,4,4,4,4,4,3,4,3,3,3,4,4,4,4,3,4,4,4,4,4,3,4,4,3,4,4,4,3,4,5,4,4,4,4,4
276,4,4,5,4,4,5,4,5,4,4,4,4,4,4,4,4,4,5,2,3,3,3,2,4,4,3,4,3,4,3,4,4,4,3,3,4,3,3,3
277,5,4,5,4,4,4,4,5,4,3,4,3,4,4,4,4,4,5,1,1,1,1,1,4,4,4,4,4,4,4,4,4,4,4,5,5,5,5,4
278,1,1,1,1,1,1,1,2,1,1,1,1,1,1,1,1,2,1,3,3,3,3,3,1,1,1,2,1,2,2,1,1,2,1,0,1,1,1,2
279,4,4,4,4,3,3,4,4,4,4,4,3,3,3,4,4,4,4,4,6,4,5,5,3,4,4,4,3,3,4,3,4,4,4,4,4,3,4,3
280,5,5,6,5,5,6,6,5,5,4,6,5,5,5,5,5,5,5,6,6,7,6,7,6,6,6,6,5,6,6,6,6,6,4,4,5,6,6,6
281,6,5,5,5,4,5,6,5,5,4,4,4,5,5,6,6,6,6,5,4,5,5,5,5,5,6,5,5,5,5,4,5,6,4,4,6,6,7,5
282,3,3,3,3,3,3,3,3,3,2,3,3,3,3,3,3,3,3,4,5,4,4,3,3,3,3,3,3,2,2,2,2,3,2,2,2,2,2,2
283,4,4,4,4,3,4,4,4,3,3,4,3,3,4,3,4,4,4,4,3,3,3,4,3,3,3,3,3,3,4,3,3,4,3,3,4,3,4,3
284,4,5,5,4,5,6,5,4,5,5,6,4,5,4,5,5,4,6,3,4,5,4,5,6,5,5,5,5,5,5,4,5,6,5,4,6,7,5,6
285,4,4,4,4,4,4,4,4,3,4,4,4,4,4,4,4,4,4,2,2,2,1,2,5,5,5,4,4,4,3,3,4,4,3,3,4,3,4,3
286,3,3,3,2,3,3,3,3,3,2,3,2,2,2,3,3,3,3,3,3,2,2,3,3,3,3,3,3,3,3,3,3,3,3,2,3,3,3,3
287,2,2,2,2,2,2,2,2,2,2,2,2,2,2,2,2,2,2,3,3,3,2,3,3,3,3,3,3,2,2,2,2,3,3,2,3,2,3,2
288,4,4,4,3,4,4,3,4,3,3,4,3,3,4,4,4,4,4,2,2,2,2,2,4,4,4,3,3,3,3,3,3,4,3,3,3,3,4,3
289,3,4,4,3,3,3,4,3,3,3,3,3,3,3,3,4,4,4,2,3,4,2,3,4,3,3,4,3,3,3,3,3,3,2,2,2,2,2,3
290,4,4,5,4,4,5,4,4,4,3,4,4,4,3,4,4,4,5,3,4,4,3,4,3,4,4,4,3,4,4,3,4,5,3,3,3,3,4,4
291,5,6,5,4,5,6,5,5,6,6,5,4,5,4,6,5,5,6,3,3,4,3,4,6,6,5,5,4,5,5,5,6,6,6,5,6,5,7,5
292,3,3,3,3,3,3,3,3,3,2,3,3,2,2,3,3,3,3,2,2,2,2,2,3,3,3,3,2,3,3,3,3,3,3,3,3,3,3,3
293,4,6,4,5,4,4,4,5,5,4,4,4,5,4,5,5,5,5,4,6,5,5,5,4,5,5,4,4,6,5,5,6,5,4,6,7,5,5,6
294,4,4,4,3,4,4,4,4,3,3,4,3,4,4,4,4,4,4,4,4,5,5,4,5,5,4,5,4,5,5,4,4,5,5,5,4,4,4,5
295,3,3,2,2,3,2,3,3,2,2,2,2,2,2,2,3,3,3,3,3,4,3,3,3,3,3,3,2,3,3,3,3,3,4,3,4,3,4,3
296,3,3,3,3,3,3,3,3,3,3,3,3,3,3,3,3,3,3,5,5,4,4,5,3,4,3,3,3,4,4,3,4,4,3,4,3,4,3,3
297,4,5,5,5,4,5,5,4,4,3,5,4,4,4,5,5,5,4,4,4,3,3,3,5,5,4,4,4,4,4,3,4,4,4,3,5,4,4,4
298,5,5,5,4,5,5,4,5,4,4,5,4,4,4,5,4,4,5,3,3,2,2,2,4,4,4,4,4,4,5,4,4,5,5,5,5,5,4,4
299,6,6,5,5,6,6,5,5,5,5,4,4,5,5,5,6,6,5,4,5,5,5,4,6,6,5,6,5,6,5,5,5,6,5,5,5,5,4,5
300,2,2,2,2,2,2,2,2,2,2,2,2,2,2,2,2,2,2,2,2,2,2,2,2,2,2,2,1,2,2,2,2,3,2,1,2,2,2,2
301,2,2,2,2,2,2,2,2,2,1,2,1,1,1,2,2,2,2,4,4,4,5,4,2,2,2,2,2,2,2,2,2,3,2,2,2,2,2,3
302,7,7,7,7,7,6,7,7,6,6,6,7,7,7,7,7,6,6,3,3,2,2,2,6,6,7,6,5,7,7,7,5,6,6,6,6,6,7,6
303,4,4,4,4,4,4,5,4,4,3,4,4,4,4,4,4,4,5,6,6,5,5,5,5,4,5,4,4,4,4,4,4,5,4,3,5,4,4,4
304,2,2,2,2,2,2,3,2,2,2,2,2,2,2,2,2,2,3,3,4,3,3,4,3,3,3,3,2,3,3,3,3,3,3,2,3,3,3,2
305,4,4,4,4,5,5,5,5,5,4,4,4,5,3,4,5,5,4,3,3,4,3,4,4,5,5,4,5,5,4,4,4,4,4,4,4,4,4,4
306,4,5,5,4,4,4,4,4,4,4,5,4,4,4,4,5,5,5,6,4,4,5,4,5,4,4,5,4,5,5,5,5,5,4,5,4,4,5,4
307,4,4,4,4,4,4,5,4,4,4,4,4,4,4,4,4,4,4,3,4,3,4,4,5,5,4,5,5,4,4,4,4,5,3,3,3,4,3,5
308,4,3,3,3,4,3,3,4,4,3,4,3,3,3,3,4,4,4,4,4,4,4,4,3,3,3,3,3,2,2,2,2,3,2,2,2,2,2,2
309,4,4,3,4,4,4,4,4,4,4,3,3,4,3,4,4,4,5,3,5,3,4,4,4,4,4,3,4,5,4,4,5,5,4,4,4,4,4,4
310,4,4,4,3,3,3,3,4,3,3,3,3,4,3,3,4,4,4,4,4,3,3,4,4,5,4,4,4,4,3,3,3,4,3,3,4,3,3,4
311,7,6,6,4,6,5,6,6,7,5,6,6,5,6,6,7,6,6,4,5,4,5,5,7,6,5,5,6,5,5,6,5,6,6,6,6,5,5,6
312,4,5,5,5,4,5,5,5,4,5,4,4,4,4,4,4,4,5,7,5,5,7,6,5,5,5,5,5,4,4,4,4,5,5,4,4,4,4,4
313,5,5,6,4,4,5,5,6,6,5,5,4,4,5,5,6,5,6,3,3,3,2,3,5,5,5,5,4,5,5,5,6,5,5,6,6,6,7,5
314,4,5,5,5,4,5,4,5,4,4,4,4,5,4,4,4,5,5,2,2,1,2,1,4,4,4,4,4,5,4,5,5,6,4,5,5,4,4,4
315,4,3,3,3,3,3,3,3,3,3,3,3,3,3,3,3,3,3,3,3,3,3,2,4,4,3,4,3,4,3,3,3,4,3,3,3,3,3,4
316,3,4,3,3,3,4,3,3,3,3,3,3,3,3,3,4,4,4,4,5,5,5,4,4,4,4,3,3,3,3,3,3,4,3,3,3,3,3,3
317,4,4,4,4,4,4,5,4,4,4,4,3,4,3,4,4,5,4,3,3,5,4,5,5,5,5,4,4,5,4,5,5,6,4,4,4,4,4,4
318,3,3,3,3,3,3,3,3,3,2,3,2,3,3,3,3,3,3,3,3,3,3,2,2,3,2,2,2,3,3,2,3,3,2,2,2,2,2,2
319,4,4,4,4,4,4,4,4,4,3,4,3,4,3,4,4,4,4,4,5,6,5,4,4,4,4,4,3,3,3,3,3,4,3,3,3,3,3,3
320,4,4,4,3,4,3,4,4,3,3,3,3,3,3,3,4,3,4,3,3,3,3,3,3,4,3,3,3,3,3,3,3,4,4,3,3,3,4,3
321,4,5,5,4,5,5,5,5,5,4,5,4,5,5,5,6,6,5,5,5,5,5,4,6,5,5,5,4,5,4,5,5,5,5,4,5,5,5,5
322,3,4,3,3,3,3,4,3,3,3,3,3,3,3,3,3,3,3,3,2,2,2,2,3,3,3,3,2,3,2,2,2,3,2,2,2,2,2,3
323,4,4,5,4,5,5,4,4,3,3,4,4,4,4,4,4,4,5,3,3,3,3,3,4,4,4,4,4,4,4,3,4,4,3,3,3,3,4,4
324,3,4,3,3,4,4,4,3,4,3,3,3,3,3,3,4,4,4,2,2,3,3,3,4,4,4,4,3,5,4,4,5,5,5,4,4,4,5,5
325,4,4,4,3,4,3,4,3,3,3,3,3,3,4,3,4,4,4,3,4,4,3,4,4,4,4,4,4,4,4,3,4,4,4,3,4,4,4,5
326,3,3,2,2,3,3,3,3,2,2,2,2,2,2,2,3,3,3,3,4,3,3,4,3,3,3,3,2,3,3,3,2,3,2,2,2,2,2,3
327,4,4,4,3,4,4,4,4,4,3,4,4,4,4,3,4,4,4,4,3,4,3,4,5,5,4,5,4,4,3,3,4,4,4,3,4,4,4,4
328,7,5,6,5,7,6,6,6,5,6,5,4,5,5,6,7,6,6,4,4,3,4,4,7,7,7,6,5,5,6,6,4,5,5,5,7,6,7,5
329,4,4,4,3,4,3,4,4,3,3,3,3,4,3,3,3,4,4,5,4,4,4,4,4,4,4,3,3,4,4,4,4,4,3,3,4,4,4,4
330,2,2,2,2,2,2,2,2,2,2,2,2,2,2,2,2,2,2,5,4,4,5,4,2,2,2,2,2,2,2,2,2,2,2,1,1,1,1,2
331,3,3,3,3,3,3,3,3,3,3,3,2,3,3,3,3,3,3,2,2,2,2,2,3,3,3,3,2,3,2,2,3,3,2,2,3,2,2,2
332,2,2,2,2,2,2,3,2,2,2,2,2,2,2,2,3,2,3,3,4,4,3,4,2,3,2,3,2,2,2,2,2,3,3,2,3,3,3,3
333,4,4,5,4,5,4,4,4,5,4,4,4,4,4,4,5,4,4,4,3,4,4,4,4,4,5,5,4,4,4,4,5,5,4,4,6,5,6,4
334,5,6,5,5,4,4,5,4,6,4,5,5,5,4,5,5,5,5,5,5,5,5,5,5,6,6,5,5,5,5,4,4,6,4,3,5,4,4,5
335,5,5,5,4,5,5,6,5,4,4,5,4,5,4,5,5,4,4,3,3,3,3,4,5,5,4,4,4,5,5,4,4,6,5,5,6,4,5,5
336,4,4,4,3,4,4,5,4,4,4,4,4,3,4,4,5,5,4,3,3,3,2,3,4,4,4,3,3,4,4,3,4,4,4,3,4,3,4,3
337,3,4,4,3,4,3,4,3,3,3,3,3,3,3,3,4,4,4,4,3,5,3,5,3,4,3,4,3,3,3,3,4,4,3,3,3,3,4,4
338,4,4,4,4,5,5,5,5,4,4,4,4,5,4,4,5,5,5,5,5,5,4,4,5,4,5,4,4,4,5,4,4,4,5,5,5,4,4,4
339,4,5,4,4,4,5,5,4,5,4,4,4,4,4,4,4,5,4,3,3,2,2,3,4,4,4,4,4,5,5,5,5,5,4,3,4,4,4,4
340,4,4,4,3,3,3,4,4,3,3,3,3,3,3,3,3,4,4,2,2,2,2,2,3,3,3,3,3,3,3,3,3,4,2,2,3,3,3,3
341,1,2,2,1,2,1,2,2,2,1,1,1,1,2,1,2,2,2,5,5,7,6,6,1,2,1,2,1,1,1,1,1,2,0,1,1,1,1,2
342,5,5,4,4,4,5,5,5,4,4,5,4,4,3,4,5,4,5,4,4,5,3,4,5,5,6,4,5,4,5,5,4,5,4,4,5,5,5,5
343,3,3,4,3,3,4,4,3,3,3,4,3,3,3,3,4,4,4,4,5,5,4,5,4,4,4,4,4,3,3,4,3,4,3,3,4,3,3,3
344,3,3,3,3,3,3,3,3,3,3,3,3,3,3,3,3,3,3,3,3,3,3,3,3,3,3,3,3,3,3,3,3,4,3,2,3,3,3,3
345,4,4,4,4,4,5,4,4,4,4,4,4,4,4,4,5,5,4,5,5,3,4,5,5,4,4,4,4,5,4,4,5,5,4,4,4,5,5,4
346,5,5,4,4,4,4,4,4,4,4,4,4,4,4,4,5,4,4,2,2,2,2,2,4,4,4,4,3,3,3,3,4,4,4,3,4,4,4,3
347,3,3,3,2,3,2,3,3,2,2,2,2,2,2,2,3,3,3,2,2,2,2,2,3,3,3,3,2,3,3,3,3,4,4,4,4,3,4,3
348,4,4,5,4,5,4,4,4,4,4,4,4,5,4,4,4,4,4,7,6,6,5,6,4,4,4,4,4,4,3,4,3,4,3,3,4,4,4,4
349,3,4,3,3,3,3,3,3,3,3,3,3,3,3,3,4,3,4,4,4,3,3,3,4,4,4,4,3,4,4,4,4,5,4,4,5,5,5,4
350,3,3,3,3,3,3,3,3,3,2,2,2,3,2,3,3,3,3,5,6,4,4,5,3,3,4,3,3,4,3,4,4,5,4,4,4,5,5,3
351,4,4,4,3,3,3,4,4,4,3,4,4,4,3,3,4,4,4,3,2,3,2,2,4,4,4,3,4,4,4,4,4,4,3,3,4,4,3,4
352,4,4,4,3,4,4,4,4,4,3,3,3,3,3,3,3,4,4,3,3,3,3,3,4,4,4,4,4,3,3,3,3,4,3,3,4,3,3,3
353,5,6,5,4,4,5,5,4,5,5,5,4,4,5,4,5,5,4,3,3,3,2,3,6,5,5,4,5,5,4,5,5,6,5,5,6,5,6,4
354,5,5,5,4,4,5,5,4,4,4,6,4,5,4,4,5,4,5,3,4,5,4,5,5,4,6,5,4,4,5,5,5,5,5,4,6,4,6,4
355,4,5,5,4,4,4,4,4,4,4,4,3,4,4,3,4,4,4,4,4,4,3,4,5,5,5,4,4,5,5,4,5,5,4,4,6,5,5,5
356,2,2,2,1,2,2,2,2,2,1,1,2,2,2,1,2,2,2,2,2,2,2,2,1,2,1,2,1,1,1,1,1,2,1,1,2,2,2,1
357,3,4,3,3,3,3,4,3,3,3,3,3,3,3,3,3,3,4,4,3,3,3,3,3,3,3,3,3,3,3,3,4,4,3,3,4,4,4,3
358,5,6,5,5,5,5,5,5,5,4,5,5,6,5,5,5,5,5,3,4,4,4,4,6,6,7,5,5,5,5,4,6,5,5,5,5,4,6,5
359,6,5,6,5,5,4,5,5,4,4,5,4,5,4,4,5,5,4,4,4,5,3,3,5,5,5,5,4,6,5,5,5,6,5,5,4,4,5,4
360,3,4,4,3,3,4,4,3,3,3,4,3,3,3,3,4,4,4,3,2,2,2,3,4,4,3,3,3,3,3,3,3,4,3,3,3,3,3,3
361,6,6,6,5,5,6,5,6,5,5,6,4,6,5,4,6,5,5,3,2,3,3,3,5,5,6,5,5,4,5,4,5,5,4,4,5,4,5,4
362,5,5,5,4,4,4,5,5,5,4,5,4,4,5,4,5,5,4,2,2,3,2,2,3,4,4,4,4,3,4,3,3,5,3,3,4,3,3,4
363,4,4,4,4,4,4,4,4,4,3,4,3,4,3,4,4,5,4,4,4,4,5,4,4,4,4,4,4,4,3,3,3,4,3,2,3,3,3,3
364,6,5,5,4,5,6,6,5,5,5,5,4,5,4,4,5,5,6,2,2,2,2,2,4,4,4,4,4,5,5,5,4,6,4,3,4,4,4,4
365,5,5,5,4,4,4,6,5,5,4,5,5,4,4,5,5,4,5,3,3,3,3,3,5,5,6,6,5,6,4,5,6,5,6,6,6,5,6,5
366,3,3,3,3,3,3,3,3,3,3,3,3,3,3,3,4,4,4,4,4,4,5,5,3,3,3,3,3,3,2,3,3,3,2,2,3,2,2,2
367,5,5,4,5,6,6,6,4,6,5,4,5,6,4,5,5,5,5,2,2,3,2,2,5,5,5,5,5,5,4,4,5,5,4,4,5,5,5,4
368,6,5,5,5,4,6,5,5,4,5,5,4,5,5,4,5,6,6,3,4,4,3,4,4,4,5,4,4,5,6,5,5,6,5,5,5,5,5,5
369,2,2,2,2,2,2,2,2,2,2,2,2,2,2,2,2,2,2,3,3,2,3,3,2,2,2,2,2,2,2,2,2,2,1,1,1,1,1,2
370,2,2,2,1,2,2,2,2,2,1,1,1,2,2,2,2,2,2,2,3,3,2,2,1,2,1,1,1,1,1,1,1,2,1,1,0,1,0,2
371,4,4,4,4,4,4,4,4,3,3,4,4,3,4,4,4,4,4,3,3,5,3,3,4,4,4,4,3,3,3,3,3,4,3,3,4,3,3,3
372,5,5,5,4,4,5,5,4,5,4,5,4,4,3,4,5,5,4,2,2,3,3,3,3,4,4,4,4,3,3,3,3,4,3,3,3,3,3,3
373,6,7,7,5,6,7,5,6,6,5,7,6,5,7,6,7,7,7,4,3,4,4,4,5,5,7,5,6,5,5,6,6,6,6,4,5,5,5,7
374,4,4,4,3,4,4,4,4,4,4,4,4,3,4,3,4,4,4,4,5,6,5,5,5,4,5,4,4,4,3,4,4,4,3,3,4,4,4,4
375,4,4,4,3,4,4,4,4,4,4,4,3,4,3,4,4,4,4,4,3,3,3,4,4,4,4,4,3,5,4,4,4,5,4,4,4,4,5,4
376,5,5,5,4,4,4,4,4,4,4,4,3,3,4,4,4,4,4,4,4,4,4,4,4,4,5,4,4,4,4,5,4,5,4,3,5,4,4,5
377,2,2,2,2,2,2,2,2,2,2,2,2,2,2,2,2,2,3,4,4,6,5,4,2,2,2,2,2,1,1,1,1,2,1,1,1,1,1,1
378,5,7,6,5,5,6,6,6,5,6,5,5,5,6,5,6,5,6,3,4,4,4,3,4,5,4,5,5,4,4,4,4,5,6,4,6,5,5,6
379,4,4,4,3,4,3,4,4,4,3,4,3,3,3,3,4,4,4,5,4,5,5,5,5,5,4,4,4,4,3,4,4,5,4,4,4,4,4,4
380,4,4,4,4,4,4,4,4,4,4,4,3,4,3,3,4,4,5,2,2,2,2,2,3,4,3,3,3,3,2,3,2,3,3,2,3,2,3,3
381,4,4,4,4,4,3,4,4,3,3,4,3,3,4,3,4,4,4,3,3,4,5,4,4,4,4,3,3,5,4,4,4,5,4,4,5,3,4,5
382,4,3,3,3,3,3,3,3,3,3,3,3,3,3,3,3,3,3,3,3,3,4,4,4,4,4,4,3,3,3,3,3,4,3,3,4,3,3,3
383,4,5,4,4,5,4,5,5,4,4,5,4,4,4,5,5,4,5,2,2,1,1,1,5,4,4,5,4,5,5,4,5,5,4,4,5,5,5,3
384,4,4,3,3,3,3,4,3,4,3,3,3,3,3,3,4,3,3,3,3,2,2,2,3,3,3,3,3,4,4,3,4,4,3,3,3,3,4,4
385,6,6,5,4,4,4,4,5,4,4,5,4,4,4,5,4,5,5,3,5,5,3,3,5,5,5,5,5,4,4,4,5,6,4,4,5,5,4,5
386,5,4,4,3,4,4,4,4,4,4,4,4,4,4,4,4,4,4,2,3,3,3,2,4,4,4,4,3,4,3,3,3,4,4,3,4,3,3,3
387,2,2,2,2,2,2,2,2,2,2,2,2,2,2,2,2,2,2,3,3,3,2,3,2,2,2,2,2,3,2,3,2,3,2,2,3,2,2,2
388,4,4,4,3,4,4,4,4,4,4,4,3,3,4,3,4,4,4,4,4,5,4,4,4,5,4,4,3,5,4,4,4,5,4,4,4,4,5,4
389,4,5,5,5,5,5,5,5,4,4,4,4,5,5,5,5,5,5,3,3,3,3,2,5,4,4,5,5,5,5,4,6,5,4,4,5,5,4,5
390,4,5,4,3,4,4,4,4,4,4,4,3,4,4,4,4,4,4,3,3,3,3,4,4,3,4,3,4,3,3,3,4,4,3,2,4,3,3,4
391,4,4,4,4,4,4,4,4,3,4,4,4,4,4,4,4,4,5,3,4,4,3,3,5,4,4,4,4,4,4,3,4,5,3,3,4,4,4,4
392,4,4,3,3,3,3,3,4,4,3,3,3,3,3,3,4,4,4,2,2,2,2,2,3,4,3,3,3,3,3,3,3,4,3,2,3,3,3,3
393,3,3,3,3,3,3,3,3,3,3,3,3,3,3,3,3,3,3,3,3,3,3,4,4,4,3,4,3,3,3,3,3,4,3,3,3,3,3,3
394,5,5,5,4,4,4,5,5,4,4,5,4,5,5,4,5,5,5,3,3,4,4,3,5,4,5,4,4,5,5,4,4,5,4,3,4,4,4,4
395,3,3,3,3,3,3,3,3,3,2,2,2,3,2,2,3,3,3,3,3,3,2,3,3,3,3,3,2,3,3,3,3,3,2,2,2,2,2,2
396,4,5,4,4,4,4,4,4,4,4,3,4,4,3,3,5,4,5,3,4,4,3,3,4,4,4,4,3,4,4,3,4,4,3,3,3,3,4,4
397,3,3,3,3,3,3,3,3,3,2,3,3,3,3,3,3,3,3,3,3,3,2,3,3,3,3,3,3,3,3,3,3,3,3,2,3,3,3,3
398,6,5,5,5,5,5,5,5,5,5,6,5,6,5,5,5,5,6,5,4,4,4,4,6,6,7,6,6,6,6,6,6,7,5,5,7,6,6,5
399,4,5,5,3,4,5,4,4,4,3,4,3,4,4,4,4,5,4,6,4,5,5,4,5,4,5,4,5,4,3,4,3,5,4,4,5,4,4,4
400,4,5,5,4,4,4,4,4,5,4,4,3,3,3,4,5,4,5,5,5,5,5,4,4,5,5,4,4,4,4,4,3,5,4,4,4,3,3,4
401,4,4,4,4,4,4,4,4,4,3,3,3,3,4,4,4,4,4,4,3,3,3,4,4,4,3,4,4,4,4,4,4,4,4,3,5,4,4,4
402,5,5,5,4,5,4,5,5,4,5,5,4,4,4,5,6,5,6,3,4,4,3,5,6,5,6,4,5,5,5,6,6,6,5,5,6,6,5,5
403,3,3,3,3,3,3,3,3,3,3,3,3,3,3,3,3,3,3,2,3,2,2,2,3,3,3,3,2,3,3,3,3,3,2,2,2,2,2,2
404,5,4,5,4,4,4,4,5,4,4,4,3,4,4,5,5,4,5,3,3,3,3,3,5,5,4,4,4,4,4,4,4,4,5,4,5,5,5,3
405,4,5,4,4,5,5,5,5,4,4,4,3,4,5,4,5,5,5,6,4,5,5,5,5,5,6,4,5,4,4,4,4,4,4,5,5,5,4,4
406,5,5,4,5,5,4,5,5,4,4,5,4,4,4,5,5,5,6,3,3,4,3,3,4,5,4,5,4,5,4,4,5,5,4,4,4,4,4,4
407,5,5,5,4,5,4,4,4,4,3,4,4,4,4,4,4,4,4,3,3,3,3,3,5,5,5,4,4,4,5,4,5,6,6,5,6,5,5,4
408,5,5,5,5,5,4,5,5,5,5,4,3,4,4,5,5,5,4,4,3,3,3,4,4,4,5,4,3,4,3,4,3,4,4,4,4,4,4,4
409,3,3,3,2,3,2,3,3,2,2,2,2,2,2,2,3,3,3,2,2,2,2,2,3,3,3,3,2,3,3,3,3,3,3,3,3,3,3,3
410,5,6,6,6,6,7,5,5,6,5,5,5,5,6,6,6,6,7,5,4,4,5,5,6,6,5,5,5,5,5,6,7,7,5,5,5,4,6,6
411,4,4,4,3,4,4,4,4,4,4,4,3,3,3,4,4,4,4,3,3,3,3,3,3,4,4,4,3,4,4,4,4,4,4,4,5,4,4,4
412,4,4,4,4,4,4,4,4,4,3,4,4,4,3,4,4,4,5,4,3,4,3,4,4,4,5,5,4,5,5,4,4,5,5,4,5,4,5,4
413,7,6,6,4,5,6,5,5,5,5,5,5,5,6,4,5,6,6,4,6,5,4,4,7,6,7,5,5,6,6,7,5,7,7,5,6,5,6,6
414,3,3,3,3,4,3,3,3,3,3,3,3,3,3,3,3,4,4,3,3,3,2,3,3,3,3,3,3,3,3,3,3,3,2,2,3,2,3,3
415,3,3,3,3,3,3,3,3,3,3,3,3,3,3,3,3,3,3,5,4,5,5,4,4,4,4,4,4,3,3,3,3,4,4,4,4,4,4,3
416,5,5,5,4,5,4,5,4,5,4,5,4,4,5,5,5,4,5,4,4,4,4,3,5,5,5,4,4,5,5,4,6,5,4,5,6,5,5,5
417,3,4,4,3,3,4,4,4,3,3,3,3,4,3,3,4,4,3,4,3,5,4,4,3,3,3,3,3,3,3,4,4,4,3,3,3,3,3,3
418,5,4,5,4,5,5,5,4,5,5,5,4,5,5,5,5,5,6,5,6,4,4,4,5,5,5,4,4,5,5,5,5,5,5,3,5,4,5,4
419,4,5,4,3,4,4,4,4,4,3,3,4,4,3,4,5,4,5,4,3,3,3,4,5,5,4,4,4,4,4,5,5,5,4,4,4,3,4,5
420,4,5,5,5,4,5,5,4,4,4,4,5,4,5,5,5,5,6,3,4,4,3,3,4,5,5,4,4,4,4,4,5,5,3,3,4,4,4,4
421,5,5,4,4,4,4,6,5,5,5,5,4,4,5,4,5,5,4,2,2,2,2,3,5,5,5,4,5,5,4,5,5,5,4,5,5,5,5,5
422,3,3,3,3,3,3,3,3,3,3,3,3,3,3,3,3,3,3,1,1,1,1,1,3,3,3,3,3,3,3,3,4,5,3,3,4,4,4,4
423,5,5,5,5,5,6,5,5,5,5,6,4,5,4,5,5,5,6,4,4,3,4,4,5,5,6,6,4,5,6,5,6,6,5,6,5,4,6,7
424,4,5,5,5,4,5,4,5,5,4,4,4,4,5,5,4,4,4,2,2,2,2,2,4,4,4,4,5,4,4,4,3,5,3,3,4,4,4,3
425,3,3,3,2,3,3,3,3,3,2,3,3,3,3,3,3,3,3,1,1,1,1,1,3,3,3,3,2,3,3,2,3,3,3,2,3,3,3,3
426,6,5,6,5,5,5,5,5,5,5,5,4,4,4,4,5,4,5,3,3,3,2,3,6,5,6,5,5,5,4,6,6,6,4,5,6,6,5,5
427,4,4,4,3,4,3,4,4,4,3,4,3,3,3,3,3,4,4,2,2,2,2,2,3,4,4,4,3,4,3,3,3,4,4,3,4,4,4,3
428,3,3,3,3,3,3,3,3,3,2,2,2,2,2,3,3,3,3,4,3,4,4,4,2,3,3,3,2,2,2,2,2,3,2,2,2,2,2,3
429,3,3,3,3,3,3,3,3,3,3,3,3,3,3,3,3,3,4,1,1,1,1,1,3,3,3,3,3,3,3,3,3,3,3,2,3,3,2,2
430,5,5,4,4,4,4,5,5,4,4,4,4,4,4,4,5,5,5,1,1,1,1,1,5,5,4,5,4,5,5,4,4,5,5,4,5,5,5,5
431,5,5,5,4,4,4,5,5,4,4,4,4,5,5,4,4,4,5,5,5,5,4,5,5,6,6,5,5,7,5,6,6,5,5,6,6,6,6,5
432,4,4,5,4,5,5,4,5,5,4,4,3,5,3,4,4,4,4,3,4,5,3,5,5,4,5,5,4,5,4,3,5,5,5,4,5,4,4,4
433,2,2,2,2,2,2,3,2,2,2,2,2,2,2,2,2,2,3,4,4,4,4,4,3,3,2,3,2,2,2,2,2,3,2,2,2,2,2,2
434,4,4,4,4,4,3,4,4,4,3,4,3,4,3,3,4,4,4,4,3,4,4,4,4,3,4,3,3,5,4,5,5,5,4,4,4,3,4,5
435,4,4,4,3,4,4,4,3,3,4,3,3,3,3,4,4,4,3,5,5,6,5,4,4,4,4,4,3,3,4,4,4,5,4,4,4,4,4,4
436,5,6,6,4,6,6,6,5,6,4,6,4,4,4,6,5,5,6,2,2,2,2,2,5,5,5,5,5,5,5,4,4,6,5,5,4,4,4,6
437,4,3,4,3,3,3,4,4,4,3,4,3,3,3,3,4,4,4,5,6,5,5,6,4,4,4,3,4,3,3,3,3,3,4,3,4,3,4,3
438,4,4,4,3,3,3,4,4,4,3,3,3,3,3,3,4,3,4,3,4,4,4,4,4,5,4,4,4,4,4,4,4,5,4,4,4,4,4,5
439,4,4,4,4,4,4,4,3,3,4,3,3,3,3,3,4,4,4,4,4,4,3,4,4,4,5,4,3,4,3,4,4,4,3,2,3,3,3,3
440,4,3,3,3,3,3,3,4,3,3,3,3,3,3,3,3,3,3,2,2,2,2,2,3,3,3,3,3,3,3,3,3,3,3,3,4,3,3,3
441,4,5,4,4,5,4,5,5,4,3,4,3,4,4,4,5,5,5,4,3,4,3,3,5,4,4,4,3,4,3,3,4,4,3,3,4,4,3,4
442,2,2,2,2,2,2,2,2,2,2,2,2,2,2,2,2,2,2,3,4,3,3,3,2,3,2,2,2,2,2,2,2,3,2,1,2,2,2,2
443,4,4,4,3,4,4,4,4,4,3,4,3,3,4,4,4,4,4,2,2,2,2,2,4,3,4,4,3,4,3,4,3,4,3,3,4,3,3,3
444,3,3,3,3,3,3,3,3,3,2,3,3,3,3,3,3,3,3,1,1,1,1,1,2,3,2,2,2,2,2,2,2,2,2,1,1,1,1,2
445,3,4,4,3,4,3,4,3,4,3,4,3,4,3,3,4,3,3,1,1,1,1,1,4,4,4,4,3,5,4,4,5,5,3,3,4,4,4,5
446,4,5,6,5,5,5,5,5,4,4,4,4,5,4,4,4,4,5,2,2,2,2,2,5,5,4,4,4,5,5,5,6,5,4,4,5,5,6,5
447,3,3,4,3,3,3,3,3,3,2,3,3,3,3,3,3,3,3,3,3,3,3,2,3,3,3,3,3,3,3,3,3,4,3,2,3,3,2,3
448,4,4,4,4,4,4,4,4,4,4,4,4,3,3,4,4,4,5,3,3,4,3,3,5,4,5,4,4,4,4,4,4,4,4,3,4,3,4,4
449,5,5,5,4,4,5,5,4,5,4,5,4,5,4,5,5,5,5,2,2,2,2,2,5,5,5,5,5,5,5,5,5,5,5,4,5,5,5,4
450,5,6,6,5,5,5,6,6,5,4,5,4,5,4,5,6,5,6,4,3,5,4,5,5,5,5,5,5,4,5,4,4,6,5,4,5,4,6,4
451,3,4,4,4,4,4,4,4,3,3,3,4,3,3,3,4,4,4,4,5,5,6,4,5,4,4,4,4,4,4,5,4,5,5,5,6,6,4,4
452,5,6,5,4,4,5,5,5,5,4,5,4,5,5,5,5,5,5,3,3,4,4,4,5,5,5,5,5,5,4,4,5,6,6,5,6,7,5,5
453,4,5,5,4,5,4,4,5,4,4,5,4,3,4,4,4,5,4,4,3,4,4,3,5,5,4,5,5,5,5,4,4,5,5,5,5,6,5,5
454,4,4,4,3,4,4,4,4,4,4,4,4,4,4,4,5,5,4,4,4,4,4,4,4,4,4,3,3,3,3,3,3,4,3,2,3,3,3,3
455,5,5,5,4,5,4,5,5,5,5,5,5,4,5,4,5,5,5,5,5,5,5,4,5,4,5,4,3,3,3,4,4,4,4,3,3,4,4,3
456,4,4,4,3,4,4,4,4,4,4,4,3,4,3,3,4,4,4,3,3,3,3,2,4,4,5,4,5,4,4,4,5,5,5,5,5,5,5,4
457,4,4,4,3,3,3,3,3,3,3,3,3,3,3,3,3,4,3,3,3,3,2,3,4,3,4,4,3,4,3,3,3,3,3,2,3,2,3,4
458,3,3,3,3,3,3,3,3,3,2,3,2,3,2,2,3,3,3,3,3,3,3,3,2,3,2,2,2,3,3,3,3,3,3,3,4,3,3,3
459,4,3,4,3,3,3,4,3,3,3,3,3,3,3,3,3,4,4,2,3,3,3,3,3,3,3,3,3,3,4,3,4,3,3,3,4,3,3,4
460,4,5,5,4,5,5,4,4,4,5,4,3,5,4,5,5,5,4,3,3,4,3,3,4,4,5,4,4,4,4,4,4,4,3,3,4,4,4,4
461,4,4,4,3,4,4,4,4,4,3,4,3,4,4,3,4,4,4,3,4,3,3,4,3,3,4,3,3,3,3,3,3,3,3,3,3,3,3,4
462,5,4,4,4,4,4,4,4,4,3,4,3,4,5,4,4,5,5,2,2,2,2,2,4,4,4,5,4,5,5,5,4,5,4,4,5,5,5,4
463,4,4,4,3,4,4,4,3,3,3,3,3,4,3,3,3,4,4,5,5,6,4,4,3,4,3,3,3,3,3,3,3,4,3,3,3,3,3,3
464,4,5,4,4,4,4,4,4,5,4,5,5,4,4,5,5,4,4,4,3,4,4,3,5,5,5,4,5,4,4,4,4,4,4,3,4,4,3,4
465,4,4,3,3,3,3,4,4,4,4,3,4,4,4,3,4,4,4,3,3,4,3,3,4,4,4,4,3,3,3,3,3,4,3,2,3,3,3,3
466,5,5,5,4,5,5,6,5,5,5,5,4,5,4,5,5,4,6,2,2,2,2,2,4,5,6,4,4,5,5,5,5,5,5,5,5,5,7,5
467,3,4,4,4,4,3,4,4,4,3,4,3,4,4,4,3,4,4,2,2,2,2,2,4,4,4,4,4,5,4,4,5,4,3,3,4,4,4,4
468,6,7,7,5,7,5,5,5,6,5,6,4,5,5,6,5,6,7,2,2,2,1,2,6,5,6,6,5,5,5,6,6,7,5,6,7,6,7,5
469,4,5,5,4,4,5,4,4,4,4,5,4,4,4,5,5,5,4,6,6,4,4,5,5,5,4,5,4,6,5,5,6,5,4,4,6,5,6,4
470,4,4,4,4,4,4,4,4,4,3,4,3,4,3,4,4,4,5,3,3,3,4,4,4,5,4,4,4,4,4,4,4,5,4,3,4,5,4,4
471,4,4,4,3,3,3,4,4,3,3,4,3,3,3,3,4,4,4,5,5,4,4,5,4,4,3,4,3,3,3,3,3,3,3,2,3,3,3,3
472,5,4,4,4,4,4,4,4,4,3,4,3,4,4,4,4,4,4,5,6,5,5,5,4,4,5,4,4,3,4,3,4,4,4,3,4,4,4,3
473,4,4,4,4,4,4,5,4,4,4,4,4,4,4,3,4,4,4,4,4,5,4,4,4,4,4,4,4,4,3,4,4,4,4,4,5,5,4,4
474,5,5,4,4,5,4,5,5,4,5,5,4,4,4,4,5,5,4,3,4,5,4,3,4,4,5,5,4,5,6,6,5,5,6,5,7,6,5,5
475,4,4,5,4,4,5,5,5,4,4,5,4,4,5,5,5,5,4,3,3,3,3,3,4,5,4,4,3,3,3,4,3,4,3,3,3,3,3,3
476,3,3,3,3,3,3,3,3,3,3,3,3,3,3,3,3,3,4,3,3,2,2,2,4,4,3,3,3,3,3,3,3,3,2,2,3,3,3,3
477,4,4,4,4,4,4,4,4,3,3,4,3,4,4,4,4,4,4,5,5,5,3,4,4,4,5,4,4,5,5,5,5,5,4,4,4,4,5,5
478,4,5,4,4,5,4,5,5,4,4,4,4,4,4,4,5,5,5,3,4,4,4,3,5,4,5,5,5,4,5,4,4,5,4,4,5,5,4,5
479,5,6,5,4,5,5,6,4,5,5,5,5,4,4,4,5,5,5,2,3,2,3,3,5,6,6,4,5,7,5,6,7,7,6,5,5,5,6,7
480,3,3,3,3,3,3,4,3,3,3,3,3,3,3,3,4,3,3,3,4,3,3,3,3,3,3,3,3,3,3,3,3,4,3,3,3,3,3,4
481,5,5,5,5,5,5,5,5,5,5,4,4,4,5,4,5,4,5,3,3,3,2,3,5,5,6,5,5,5,4,4,5,5,4,4,5,4,5,4
482,4,3,3,3,4,3,3,3,3,3,3,3,3,3,3,4,4,3,5,4,6,4,4,4,4,3,4,3,4,3,3,4,4,4,3,4,3,3,4
483,5,4,5,4,5,5,5,4,5,4,5,4,4,4,4,5,5,4,5,6,6,6,6,6,6,5,5,5,5,5,5,5,5,5,5,6,5,6,5
484,3,3,3,2,3,3,3,3,2,2,2,2,2,2,2,3,3,3,2,2,2,2,2,3,3,3,3,3,3,3,3,3,4,3,3,3,3,3,4
485,4,3,4,3,3,3,4,4,4,3,3,3,3,3,3,3,4,3,1,1,1,1,1,3,3,3,3,3,3,3,3,3,4,3,3,3,3,4,2
486,4,3,3,3,3,3,4,3,3,3,3,3,3,3,3,3,4,3,4,3,3,5,4,4,4,4,3,3,4,3,3,3,4,3,3,3,3,3,3
487,6,6,5,5,5,6,5,5,5,5,5,5,6,5,5,5,6,5,4,5,4,5,4,7,5,5,5,6,6,5,6,5,7,4,6,5,5,5,5
488,4,4,5,4,4,5,4,4,4,4,4,4,4,4,4,5,4,5,2,2,2,2,2,4,5,5,4,4,4,4,4,4,5,4,4,4,4,4,3
489,5,4,5,4,4,4,5,4,3,4,5,4,4,4,4,4,5,4,5,5,5,5,4,5,4,5,4,4,4,4,4,4,5,4,4,5,4,4,4
490,3,4,3,3,4,4,4,4,3,3,4,3,3,3,3,4,4,4,3,4,3,3,3,3,4,4,3,3,4,4,4,4,4,4,4,5,4,4,4
491,4,5,4,5,5,4,6,6,5,4,5,5,5,5,4,6,5,6,3,3,4,3,4,5,5,5,4,4,5,5,4,4,5,5,4,5,4,5,5
492,4,5,4,4,4,4,4,4,3,3,3,3,4,4,3,4,4,4,4,3,4,4,4,4,4,4,4,3,3,3,3,3,4,3,3,3,3,3,3
493,4,4,4,4,4,4,4,3,4,4,4,4,3,4,4,4,4,4,2,2,2,2,2,4,5,4,4,4,4,3,4,3,4,4,4,4,4,4,4
494,5,5,6,5,5,6,5,5,6,5,4,5,5,5,5,6,6,6,4,4,5,5,6,5,6,5,5,4,5,5,5,5,6,6,6,6,5,4,4
495,2,2,2,2,2,2,2,2,2,2,2,2,2,2,2,2,2,2,4,3,6,4,4,2,3,2,2,2,3,3,3,3,3,3,2,3,3,3,3
496,3,3,3,2,3,3,3,3,3,3,3,2,3,3,3,3,3,3,3,4,4,4,4,3,3,3,3,2,3,2,2,2,3,3,3,3,3,3,2
497,5,5,5,5,4,5,4,5,5,5,5,4,4,4,4,6,5,4,3,3,3,3,3,5,5,5,5,4,5,6,5,6,7,6,6,5,6,6,5
498,3,3,3,3,3,3,3,3,3,3,3,3,3,3,2,3,3,3,3,4,4,3,3,3,4,4,3,3,3,3,3,3,4,4,3,4,4,3,3
499,6,6,5,4,4,5,5,5,4,4,5,4,4,5,4,5,5,6,2,2,2,2,2,6,4,5,5,4,6,6,5,5,6,6,4,5,6,5,5
500,2,2,2,2,2,2,2,2,2,2,2,2,2,2,2,2,2,2,4,3,3,3,3,2,3,3,3,2,2,2,2,2,3,3,2,3,3,3,2
501,5,5,5,6,6,5,5,5,4,5,6,5,5,6,4,7,5,5,2,2,1,1,2,5,6,6,5,5,5,5,5,5,5,5,5,5,6,5,4
502,5,5,7,6,6,7,6,6,6,5,7,6,6,6,7,6,6,6,2,3,3,3,3,5,6,5,6,5,5,6,6,7,7,5,5,6,5,5,5
503,3,3,3,2,3,2,3,3,2,2,2,2,2,2,2,3,3,3,4,4,3,4,4,2,3,2,3,2,3,2,2,2,3,2,2,2,2,2,3
504,4,5,4,3,5,5,4,5,4,4,4,4,4,3,4,5,4,4,4,3,4,4,3,4,4,4,4,5,5,5,4,4,6,4,4,5,4,5,4
505,4,5,5,4,4,5,4,4,4,3,4,3,4,4,4,5,4,4,4,4,4,4,4,4,4,4,4,4,4,4,3,4,5,3,3,4,4,4,4
506,3,3,3,3,3,3,4,3,3,3,3,3,3,3,3,3,3,4,1,1,2,2,1,3,4,4,3,3,4,3,3,4,5,4,3,4,4,4,4
507,3,3,3,3,3,3,4,3,3,3,3,3,3,3,3,3,3,4,4,3,4,4,3,3,3,3,3,3,3,2,2,2,3,2,2,3,2,3,3
508,5,4,4,4,5,4,4,5,5,4,4,3,5,4,4,4,4,4,4,4,4,4,4,4,4,5,4,3,4,3,3,4,4,4,4,4,4,4,4
509,6,6,5,5,5,5,5,5,5,4,5,5,5,5,4,5,5,5,3,2,3,3,2,5,5,5,5,5,5,5,5,5,5,4,5,6,4,5,4
510,4,4,4,3,4,4,4,4,4,3,4,4,4,3,3,4,4,4,4,5,5,4,4,4,4,3,4,4,4,4,4,4,4,5,4,5,4,5,3
511,3,3,3,3,3,3,3,3,3,2,3,3,3,3,3,3,3,3,4,3,3,3,3,3,3,3,3,3,4,4,3,4,4,4,4,4,4,4,4
512,5,4,4,4,4,4,4,4,4,3,4,3,4,4,4,4,4,4,4,3,4,4,4,3,4,4,4,3,4,4,3,4,4,4,4,5,4,4,4
513,5,6,6,4,5,6,6,6,6,4,5,4,4,5,5,6,6,5,4,4,5,3,4,5,5,5,4,5,5,4,4,4,6,5,5,5,5,5,4
514,3,4,4,3,4,3,4,4,4,3,3,3,4,4,4,4,4,4,4,4,5,5,5,5,4,4,4,4,4,4,4,4,4,4,3,5,4,5,4
515,6,6,5,5,4,6,6,5,5,4,6,4,4,5,4,5,4,5,4,3,3,2,3,5,4,4,5,5,4,4,4,4,5,4,4,5,4,4,3
516,4,4,4,4,4,4,4,4,3,3,4,3,4,3,4,4,4,4,3,3,3,3,3,4,4,5,4,4,4,4,3,3,4,4,3,4,4,3,3
517,3,3,3,2,3,3,3,3,3,2,2,2,2,3,2,3,3,3,5,4,5,4,4,3,4,3,3,3,3,3,3,4,4,4,3,4,3,4,3
518,5,5,5,4,5,5,6,5,5,5,5,4,5,5,5,5,4,4,3,2,3,3,3,6,5,6,5,5,5,6,5,5,5,5,6,5,5,6,6
519,3,3,3,3,3,3,3,3,3,2,3,2,3,2,2,3,3,3,6,6,5,5,5,3,4,4,3,3,4,4,3,4,4,3,3,4,3,3,3
520,4,4,6,5,5,4,5,4,5,4,4,4,5,4,4,5,5,6,3,3,3,3,3,6,6,5,5,5,5,4,4,5,6,6,6,6,6,6,5
521,3,3,3,3,3,3,3,3,3,3,3,3,3,3,3,4,3,3,3,3,3,3,3,3,3,3,3,2,2,2,2,2,3,2,1,2,1,1,2
522,5,5,4,4,4,5,4,4,5,4,4,5,4,4,5,5,5,4,4,3,4,3,3,6,6,6,5,5,5,5,4,5,5,4,4,5,5,6,5
523,3,3,3,3,3,3,3,3,3,3,3,3,3,3,3,3,3,3,4,3,4,3,3,3,3,3,3,3,3,3,3,3,4,3,3,4,4,4,3
524,5,5,5,5,5,4,5,5,5,4,4,4,5,5,5,5,4,5,4,3,5,3,4,6,5,5,5,4,4,5,5,4,6,5,5,4,4,5,5
525,5,4,4,3,4,4,5,4,4,4,4,4,4,4,4,4,5,4,5,4,5,3,5,3,3,4,4,3,4,4,4,4,4,3,3,3,3,3,5
526,3,3,3,2,3,3,3,3,3,2,2,2,2,2,2,3,3,3,3,3,3,3,2,3,3,3,3,3,2,2,2,2,3,2,1,2,2,2,2
527,4,4,4,3,3,4,4,4,4,3,4,4,4,3,3,4,4,4,4,4,4,3,4,3,3,3,3,3,4,4,3,3,4,3,3,3,3,3,3
528,4,4,4,4,4,3,4,3,3,3,4,3,3,3,3,4,4,4,6,6,7,5,5,5,4,5,4,4,3,3,3,4,4,4,3,4,3,3,3
529,3,3,3,2,3,3,3,3,3,2,2,2,2,2,2,3,3,3,3,4,3,3,3,3,3,4,3,3,3,3,3,3,3,3,3,3,3,3,3
530,4,4,4,3,4,4,4,4,4,4,4,3,3,4,4,4,4,4,4,3,3,3,3,5,4,4,4,4,5,5,5,4,5,4,5,5,5,4,4
531,5,5,5,4,4,4,5,4,4,4,4,4,5,4,4,4,5,5,3,2,2,2,3,5,4,4,4,3,4,4,4,4,4,4,3,4,3,4,4
532,4,4,4,4,4,4,4,4,3,3,4,3,3,3,4,4,4,4,7,5,7,5,5,4,5,5,4,4,4,4,3,4,4,4,5,4,4,4,4
533,3,3,3,3,3,3,3,3,3,2,3,2,3,2,3,3,3,3,3,3,3,3,3,3,3,3,3,3,3,3,2,3,3,3,2,3,3,3,2
534,6,6,7,5,5,6,6,6,5,5,6,5,5,6,6,6,5,6,4,4,3,3,4,6,6,6,5,5,7,5,6,7,7,5,4,6,5,6,6
535,5,5,4,5,4,4,4,5,4,4,5,4,4,4,5,5,5,5,3,3,3,2,2,4,5,4,4,4,5,4,4,4,5,4,4,5,4,5,4
536,3,3,4,3,4,4,4,4,3,3,4,3,3,3,4,3,4,4,4,4,4,3,3,4,4,4,4,4,4,4,4,3,4,3,4,4,3,4,4
537,5,5,5,5,5,4,5,6,4,5,5,4,4,5,5,6,6,6,2,2,2,2,2,5,5,5,5,4,4,5,5,4,5,5,5,5,5,6,5
538,5,4,4,4,4,4,4,4,4,4,4,4,3,4,4,4,4,4,3,5,4,3,4,5,5,5,5,5,6,4,6,6,5,5,5,5,4,5,5
539,5,4,5,4,5,5,4,5,5,4,5,4,5,4,5,4,5,6,4,5,6,6,6,6,5,5,5,6,5,4,5,5,5,4,4,6,5,5,4
540,4,4,4,3,4,4,5,4,4,3,4,4,4,4,4,4,4,4,3,4,3,3,3,4,4,5,4,4,4,4,4,4,4,4,3,3,4,3,4
541,4,4,3,3,3,3,3,4,3,3,3,3,3,3,3,4,4,4,2,3,3,3,2,4,3,3,3,3,3,3,3,4,4,4,4,5,4,4,4
542,4,4,4,4,4,4,4,4,4,4,4,3,4,4,4,4,4,4,4,5,6,6,5,4,4,4,4,3,3,3,3,3,4,3,3,4,3,3,3
543,6,5,5,4,5,5,6,6,4,5,4,4,5,5,5,5,5,6,6,6,7,6,6,6,6,5,6,5,6,4,5,5,5,4,5,5,5,5,5
544,4,4,4,4,4,4,4,4,4,4,4,4,4,3,3,4,5,5,5,4,4,5,4,5,5,4,4,3,4,3,3,4,4,3,3,4,3,3,3
545,4,4,4,3,4,4,4,4,4,3,4,3,4,3,4,4,4,4,6,5,5,6,7,4,4,4,3,3,4,3,4,4,5,4,3,4,3,4,4
546,5,4,4,4,4,4,5,4,4,4,4,3,3,3,4,5,4,4,4,3,5,4,4,5,5,5,4,4,4,4,4,4,4,4,3,4,4,4,4
547,5,5,5,4,5,4,5,4,4,4,4,4,4,4,4,4,4,5,5,4,5,5,6,4,5,5,4,3,4,5,5,4,5,5,4,5,5,5,5
548,4,4,4,4,3,4,4,4,4,3,3,3,4,3,3,4,4,4,4,4,5,5,4,5,4,5,4,4,5,5,5,5,5,6,5,6,4,6,5
549,6,5,4,5,5,5,5,5,5,5,4,5,4,4,4,6,5,6,3,3,3,3,3,5,5,5,4,5,4,5,4,5,4,3,3,4,4,4,4
550,6,7,7,6,7,7,6,7,7,7,7,6,6,5,7,6,7,6,4,4,6,5,5,7,6,6,5,6,7,5,6,6,7,6,7,6,7,6,5
551,4,4,5,4,5,5,5,5,4,3,4,3,4,4,5,5,4,4,2,2,3,3,3,4,5,4,4,4,4,4,4,4,5,4,4,5,4,5,5
552,3,3,2,2,3,3,3,3,2,2,2,2,2,2,2,3,3,3,4,4,4,4,4,2,3,2,2,2,3,2,2,3,3,2,2,2,2,2,2
553,4,4,4,3,4,4,4,4,3,3,3,3,3,3,3,4,4,4,3,3,4,4,3,3,4,4,4,3,3,3,3,3,4,3,3,4,3,3,3
554,6,5,6,4,4,4,5,4,4,5,5,5,4,5,4,5,5,6,4,3,3,3,3,6,6,5,6,5,4,4,4,4,5,5,5,5,4,4,5
555,4,4,4,4,4,5,5,4,4,3,4,4,4,4,4,5,4,5,3,3,4,4,3,5,5,5,4,4,4,4,3,3,5,3,3,4,3,4,4
556,3,3,4,3,4,4,3,3,3,3,3,3,3,3,4,3,4,4,3,4,4,3,3,3,3,4,3,3,3,4,4,4,4,3,3,3,3,3,3
557,6,5,6,4,5,5,5,5,5,4,5,4,5,5,4,5,5,5,5,3,5,5,5,5,5,5,5,5,4,5,5,5,6,5,4,5,5,5,5
558,4,4,4,3,4,4,4,3,3,3,3,3,4,4,3,4,4,4,2,2,3,2,2,3,3,3,3,3,3,3,4,3,5,3,2,3,3,3,3
559,4,4,4,3,4,3,4,4,3,3,4,3,4,4,3,4,4,4,4,5,5,4,5,4,4,4,4,4,5,4,5,5,6,4,4,4,4,4,4
560,3,4,4,3,3,3,4,4,4,3,4,4,3,3,4,4,3,4,4,4,4,3,3,4,4,4,4,4,3,3,3,3,4,3,3,3,3,3,3
561,3,3,3,3,3,3,3,3,3,3,3,3,3,3,3,3,3,3,3,3,2,3,2,3,3,4,3,3,3,3,3,4,4,3,3,4,3,3,3
562,6,6,5,4,6,5,5,5,6,4,5,5,6,4,6,6,5,5,3,3,4,4,3,5,5,5,5,4,5,5,5,5,6,4,5,5,4,5,5
563,4,4,4,3,3,3,3,3,3,3,3,3,3,3,3,3,3,4,4,5,5,4,4,3,4,4,4,3,4,3,3,4,4,4,3,4,4,4,3
564,4,4,4,3,4,4,4,4,4,3,4,3,3,3,4,4,4,4,2,2,2,2,2,3,4,4,4,3,3,3,3,3,4,3,3,4,3,3,3
565,4,4,4,4,5,5,4,4,4,4,5,3,4,4,4,5,4,4,3,4,4,3,4,4,4,4,4,3,4,5,4,5,5,3,3,4,4,4,4
566,4,4,4,3,4,4,4,4,4,3,3,3,3,3,3,4,4,4,2,2,2,2,3,4,4,4,4,4,5,4,4,4,5,5,5,5,5,5,4
567,4,4,4,4,4,4,4,4,4,4,4,3,3,4,4,5,4,5,4,4,4,4,5,4,4,5,4,3,4,4,4,4,4,4,3,4,4,3,4
568,3,3,3,3,3,3,3,3,3,3,3,3,3,3,3,3,3,4,3,3,3,2,3,3,4,3,3,3,3,3,3,3,3,4,4,4,3,4,3
569,5,5,6,5,5,6,5,5,5,4,5,5,5,5,4,5,6,5,4,4,5,4,4,6,5,5,4,5,4,5,4,5,5,5,4,5,5,5,4
570,6,6,5,5,5,6,6,6,5,5,4,5,5,4,5,6,6,6,3,3,4,3,3,5,6,5,4,5,5,5,5,5,6,4,6,6,5,5,5
571,3,4,3,3,4,3,4,4,3,3,3,3,3,3,3,4,3,3,3,4,3,3,4,3,3,3,3,3,3,4,4,3,4,3,3,3,3,3,3
572,4,5,4,3,4,5,4,4,4,4,3,4,4,4,3,4,5,4,4,3,4,4,3,4,4,4,4,4,4,3,3,4,4,3,3,4,3,3,3
573,5,4,5,4,4,4,5,4,4,4,4,4,4,4,4,4,5,5,3,2,3,2,2,4,4,4,4,3,5,4,3,4,4,3,3,4,3,4,4
574,4,5,4,4,4,4,5,5,4,4,5,4,4,4,4,5,4,5,2,2,2,2,2,5,5,5,4,4,4,3,4,5,5,4,4,4,4,5,4
575,3,3,3,3,3,3,3,3,3,3,3,3,3,3,3,3,3,4,3,3,4,3,3,3,3,3,3,3,3,2,2,2,3,2,2,3,2,2,3
576,4,4,4,3,4,3,4,4,4,3,4,3,3,3,4,4,4,5,4,5,6,4,5,4,4,4,4,4,5,5,5,5,5,5,4,4,4,4,5
577,3,3,3,3,3,3,3,3,3,3,3,3,3,3,3,3,3,4,5,6,5,5,5,4,3,4,4,3,4,3,4,4,4,3,3,4,3,3,4
578,4,5,4,4,4,4,4,4,4,4,4,4,3,3,4,5,4,4,3,2,2,2,2,4,5,4,4,3,3,3,4,4,4,3,4,4,3,4,3
579,3,4,4,3,4,4,4,4,3,3,3,3,3,3,3,4,3,3,3,3,3,2,3,4,4,4,4,3,4,4,4,4,5,4,3,4,4,4,3
580,3,3,3,3,3,3,3,3,3,2,3,3,3,3,3,3,3,3,2,3,3,2,3,4,4,3,3,3,3,3,3,3,3,3,2,3,3,3,3
581,5,6,7,6,6,5,5,5,6,6,7,5,6,5,4,6,6,6,2,2,2,2,2,6,5,4,4,5,4,5,4,5,5,5,5,5,4,5,5
582,4,4,4,4,4,4,4,4,4,3,4,4,3,3,4,4,4,4,3,3,3,3,2,4,4,4,3,3,4,3,3,3,3,3,2,3,3,3,3
583,5,5,5,5,4,5,5,5,4,5,5,5,4,5,5,5,5,5,3,3,3,3,2,4,4,5,5,5,6,5,5,5,5,4,4,6,5,5,5
584,3,3,3,3,3,3,3,3,3,2,3,2,2,3,3,3,3,3,3,4,3,2,3,2,3,2,2,2,2,2,2,2,2,2,1,2,2,2,2
585,3,3,3,3,3,3,3,3,3,3,3,2,3,3,3,3,3,3,2,2,2,2,3,3,3,3,3,3,3,3,3,3,4,3,3,3,3,3,3
586,3,4,3,3,3,3,3,3,3,3,3,3,3,3,3,3,3,3,5,5,5,4,4,3,3,3,3,3,4,3,3,3,4,3,3,4,3,3,3
587,4,4,4,3,4,3,4,4,4,3,4,3,3,3,4,4,4,4,4,4,5,3,4,4,4,4,3,3,3,3,4,4,4,4,4,4,3,4,3
588,4,3,4,3,3,3,4,4,3,3,4,3,3,3,3,3,4,4,2,2,2,2,2,3,3,4,3,3,3,3,3,3,3,3,3,3,3,3,3
589,4,4,3,3,4,3,4,3,3,3,3,3,4,3,4,4,4,4,4,3,4,4,5,4,4,4,4,3,4,3,4,4,4,4,3,4,5,4,4
590,6,5,5,4,4,4,6,5,5,5,4,4,5,4,5,6,5,6,2,3,4,3,4,4,5,4,5,5,6,5,5,5,6,4,4,6,6,4,6
591,3,3,3,3,3,3,3,3,3,2,3,3,3,3,3,3,3,3,5,5,4,4,4,3,4,4,4,3,4,4,3,4,4,4,3,4,4,5,3
592,4,4,3,3,4,4,4,4,3,3,3,3,3,3,3,4,4,4,1,1,0,1,1,3,3,3,3,2,2,2,2,2,3,2,2,2,2,2,3
593,4,5,5,5,5,6,5,4,5,4,5,5,4,4,4,5,6,4,3,3,3,3,3,4,5,5,4,4,5,5,5,5,5,4,5,4,4,4,6
594,4,4,4,4,4,4,4,4,4,4,4,4,4,3,5,4,4,4,4,5,4,5,4,4,4,4,4,3,4,4,3,4,4,4,4,4,5,5,4
595,4,4,4,3,4,4,4,5,4,4,3,3,4,4,3,4,5,4,4,5,6,4,4,5,4,4,4,3,4,4,4,5,4,4,4,5,5,4,5
596,3,4,3,3,4,4,3,4,4,3,3,3,3,3,4,4,3,4,3,3,3,2,3,4,4,4,3,4,3,3,3,3,4,3,3,3,3,3,3
597,3,3,3,3,3,3,3,3,3,3,3,3,3,3,3,3,3,3,5,4,4,3,4,4,4,3,3,3,3,3,3,3,3,3,2,3,2,2,3
598,4,4,3,3,4,4,5,4,4,3,4,4,3,4,4,4,4,4,3,3,3,2,2,5,4,4,4,4,3,4,4,3,4,4,4,4,4,4,3
599,5,4,4,4,4,4,4,4,4,4,4,3,3,4,4,5,4,4,3,4,4,3,3,5,4,4,4,4,5,5,5,4,4,3,4,4,4,4,4
600,3,4,4,3,4,3,3,3,3,3,3,3,3,3,3,3,3,4,4,3,5,4,4,3,4,3,3,3,4,3,3,3,4,3,3,4,3,4,4
601,5,6,6,5,6,6,5,5,5,4,5,4,5,4,4,5,5,5,3,3,4,3,3,6,5,6,4,5,5,5,5,6,5,5,5,5,5,5,5
602,3,4,3,3,3,3,4,3,3,3,3,3,3,3,3,3,4,4,2,3,2,3,2,4,4,4,4,3,3,3,3,3,4,3,3,3,3,3,4
603,5,5,4,4,4,4,4,5,5,4,4,4,4,4,4,5,4,5,4,4,3,4,3,5,5,4,4,4,5,5,5,4,5,4,4,4,5,5,5
604,5,5,6,4,5,5,5,5,4,4,4,4,5,4,4,6,5,5,4,4,4,4,4,5,5,5,4,4,4,4,4,5,5,5,5,6,4,4,5
605,7,7,7,5,6,5,6,5,6,5,6,5,6,5,6,6,5,5,7,4,7,4,4,6,5,6,5,4,5,5,5,6,5,4,5,5,5,6,5
606,6,5,5,5,5,5,6,4,5,5,5,4,4,4,4,5,5,6,1,1,1,1,1,4,5,4,4,4,3,3,4,4,4,3,3,3,3,3,4
607,3,4,4,3,4,4,3,4,4,3,4,3,3,3,3,4,4,4,5,6,5,4,6,5,5,4,4,4,3,3,3,3,4,3,3,3,3,3,3
608,4,5,5,4,4,5,4,4,4,3,5,3,4,4,4,5,4,5,4,4,4,3,4,5,5,6,4,5,5,5,4,4,6,4,5,4,5,4,5
609,4,4,4,4,4,4,4,4,3,4,3,3,3,3,3,4,4,4,3,3,2,2,3,4,4,4,4,3,4,4,4,4,4,3,3,4,3,4,4
610,2,2,2,2,2,2,2,2,2,1,1,2,2,2,2,2,2,2,3,4,4,3,4,2,2,2,2,2,1,2,1,1,2,2,1,2,1,1,1
611,4,4,3,4,4,4,4,4,3,3,4,3,3,3,3,4,4,3,2,2,2,2,2,4,4,4,4,3,3,3,3,4,4,3,3,3,3,3,3
612,4,4,4,4,3,4,4,4,3,3,4,3,3,3,3,4,4,4,2,2,2,2,2,3,3,3,3,3,4,3,4,4,4,4,3,4,3,3,4
613,3,4,4,3,4,3,4,4,3,3,3,3,3,3,3,4,4,4,4,3,5,4,4,3,3,4,3,3,4,3,4,4,4,4,4,4,4,4,3
614,4,4,4,3,4,4,4,4,4,3,4,3,3,4,3,4,4,5,3,3,3,3,3,3,4,4,3,3,4,3,4,3,5,3,3,4,4,4,3
615,4,4,4,3,3,3,4,4,4,4,4,3,4,3,3,4,4,4,4,5,6,5,4,4,4,4,4,3,4,4,5,5,5,4,4,4,4,5,4
616,4,4,4,3,4,4,4,4,4,4,4,4,4,3,4,4,4,5,3,4,3,3,3,5,5,5,5,4,5,4,4,4,5,4,4,3,3,4,5
617,3,4,3,3,3,3,3,3,3,3,3,3,3,3,3,4,3,4,3,3,2,2,3,3,3,3,3,3,3,3,3,3,3,2,2,3,3,3,3
618,4,6,5,4,4,4,5,5,5,4,5,4,4,4,5,5,5,5,4,4,3,3,5,5,6,5,5,5,6,5,6,6,6,4,4,5,4,5,5
619,2,2,2,2,2,2,2,2,2,2,2,2,2,2,2,2,2,2,4,4,3,4,4,2,2,2,2,2,2,2,2,2,2,2,2,2,2,2,3
620,2,2,2,2,2,2,3,2,2,2,2,2,2,2,2,2,2,3,3,3,3,3,3,3,3,3,3,2,2,2,2,2,3,2,1,2,2,2,3
621,5,7,6,5,6,5,7,7,5,6,5,4,5,5,5,6,6,5,2,2,3,3,3,6,6,7,6,6,6,6,5,6,6,6,5,5,4,5,5
622,5,6,5,5,6,6,5,5,6,5,6,4,5,6,6,6,6,7,4,5,4,5,4,5,6,6,6,4,5,5,5,7,7,6,4,6,5,5,6
623,4,4,4,3,4,4,4,4,4,3,4,4,4,4,3,4,4,5,4,3,5,3,3,4,4,3,3,3,4,4,4,4,4,3,3,4,3,4,5
624,4,4,4,4,4,4,4,3,4,3,4,4,4,4,3,4,4,4,3,2,3,3,3,3,3,4,4,3,4,4,3,3,4,3,3,4,3,4,3
625,3,3,4,3,3,3,3,3,3,3,3,3,3,3,3,3,3,3,2,2,2,2,2,3,3,3,3,3,4,3,4,4,4,3,3,4,3,4,4
626,4,4,4,4,3,4,4,4,4,3,3,3,3,4,4,3,3,4,3,3,3,2,3,4,4,4,4,3,4,4,4,4,5,3,3,4,3,3,4
627,4,4,4,4,4,4,4,4,4,3,3,3,3,3,4,4,4,4,6,4,4,5,4,4,4,4,4,4,4,3,3,4,5,4,4,4,5,5,4
628,3,3,3,3,3,3,3,3,3,3,3,3,3,3,3,3,3,3,3,4,3,3,4,3,4,4,3,3,3,3,3,3,3,3,2,3,2,2,3
629,4,4,4,3,4,4,4,4,3,3,4,4,4,4,3,4,4,4,3,2,3,2,3,4,4,4,3,3,3,3,3,3,4,3,2,3,2,3,3
630,5,5,5,4,4,4,5,5,4,4,5,4,4,4,4,4,4,5,5,5,6,5,5,5,5,5,4,4,5,5,4,5,6,4,3,5,5,4,4
631,4,4,3,3,4,4,4,4,3,3,3,3,3,3,4,4,4,4,3,2,4,3,3,4,4,4,3,3,4,4,4,4,5,4,4,4,3,3,4
632,5,5,6,5,5,5,6,6,5,5,6,5,5,5,5,5,5,7,3,2,3,2,2,5,7,6,5,5,6,6,6,7,6,4,5,5,6,6,5
633,5,5,4,4,4,4,5,4,4,5,5,4,5,4,4,5,5,6,4,3,5,3,4,5,5,5,5,4,5,5,4,5,6,5,5,5,5,6,4
634,3,3,3,3,3,3,4,4,3,3,3,3,3,3,3,3,4,3,3,3,3,3,4,3,3,3,3,2,2,2,2,2,3,2,2,3,2,2,3
635,5,6,6,5,5,5,7,6,5,5,5,6,7,5,6,6,6,6,3,3,3,3,4,6,6,6,5,6,5,5,6,5,5,6,5,5,5,6,5
636,5,6,5,4,5,5,5,5,4,4,5,4,5,4,4,5,5,4,5,4,5,4,5,5,5,5,5,6,5,5,5,5,7,5,5,6,4,4,5
637,5,4,4,4,4,4,4,5,4,3,3,3,4,3,4,4,5,4,3,2,4,2,3,5,5,5,4,4,5,5,5,4,5,4,4,4,5,5,4
638,5,5,4,4,5,5,4,5,4,4,5,5,4,5,4,5,5,5,4,4,5,4,5,6,5,6,5,4,4,4,5,4,6,5,4,5,4,5,6
639,3,3,4,3,3,4,4,4,3,3,3,3,3,3,3,4,4,3,2,3,3,2,2,3,3,3,3,3,3,3,3,3,3,3,3,3,3,4,3
640,5,5,4,4,4,4,5,4,4,5,5,4,5,5,4,5,5,4,4,4,3,3,3,3,4,4,3,3,4,4,4,4,4,4,3,5,4,4,5
641,4,5,4,3,4,4,4,5,4,4,3,4,3,4,3,4,4,5,7,6,5,6,6,5,5,5,4,4,5,4,4,5,4,4,5,5,5,5,4
642,3,2,2,2,2,2,3,2,2,2,2,2,2,2,2,3,3,3,3,3,3,3,3,3,3,3,3,3,3,3,3,3,4,3,3,4,3,3,3
643,5,5,5,4,4,5,5,5,5,4,4,4,5,4,5,4,5,5,4,3,3,4,5,5,5,6,5,4,4,4,4,4,5,5,5,5,5,5,4
644,4,4,4,4,4,3,4,4,3,3,3,3,3,3,4,4,4,4,5,4,6,5,6,3,4,3,4,3,3,3,3,3,3,3,3,4,4,3,3
645,3,4,3,3,4,3,4,4,3,3,4,3,3,4,4,4,4,3,5,4,4,3,5,4,4,4,3,4,3,3,3,3,4,3,2,3,3,3,3
646,3,3,3,3,4,3,4,4,3,3,3,3,3,3,3,3,4,3,5,5,5,4,4,4,4,3,3,3,4,4,3,4,4,3,3,4,3,4,3
647,4,4,4,4,4,4,4,4,4,4,4,3,4,4,4,4,4,5,5,6,6,4,4,5,5,5,4,4,5,5,5,5,5,5,4,5,4,5,5
648,6,6,7,5,6,6,6,7,5,6,6,6,6,5,7,6,7,7,4,3,3,3,4,7,7,5,5,6,6,6,7,6,6,7,7,7,7,6,5
649,4,4,4,3,4,4,4,4,4,3,3,3,4,3,3,4,4,4,2,2,2,2,2,4,4,5,4,3,3,4,3,4,4,4,3,4,4,4,4
650,4,4,4,3,4,4,4,4,4,3,3,3,3,4,4,4,4,4,5,5,6,4,4,4,4,3,4,3,3,3,3,4,4,3,2,3,3,3,3
651,3,3,3,3,3,3,3,3,3,2,2,2,2,2,3,3,3,3,2,2,2,2,2,3,4,3,3,3,3,3,3,3,4,3,3,4,3,3,4
652,2,2,2,2,2,2,2,2,2,2,2,2,2,2,2,2,2,2,5,7,4,5,6,2,2,2,2,1,2,2,2,2,2,2,2,2,2,2,2
653,4,4,4,3,5,4,4,4,5,4,4,3,4,4,4,5,5,5,2,2,2,2,2,5,5,5,5,4,4,5,5,6,5,5,4,5,4,5,5
654,4,4,4,4,4,4,4,4,4,3,4,3,4,4,4,4,4,4,3,4,4,3,3,4,4,4,4,4,5,4,4,4,5,4,3,4,4,4,4
655,4,4,4,4,5,5,5,5,4,5,5,3,5,4,5,5,5,5,4,4,3,3,4,6,5,5,4,4,6,5,5,7,5,5,5,7,5,5,5
656,4,4,4,4,4,4,4,4,4,3,4,4,4,3,4,5,4,4,4,3,3,3,4,4,4,4,4,3,4,3,3,4,4,3,3,3,3,4,4
657,4,4,4,4,4,5,5,4,4,4,3,4,4,4,4,4,4,4,3,3,2,2,3,3,4,4,3,3,4,3,3,4,4,4,4,4,4,4,3
658,3,3,3,3,3,3,3,3,2,2,3,2,3,3,3,3,3,3,2,2,2,2,2,3,3,3,3,3,3,3,3,3,4,3,3,3,3,3,3
659,4,5,5,4,4,5,4,5,5,3,4,3,4,4,4,5,5,5,2,2,3,2,2,4,4,4,4,4,4,3,4,3,4,3,3,4,3,4,3
660,3,3,3,3,3,3,3,3,3,2,3,2,3,2,3,3,3,3,2,2,2,2,2,3,3,3,3,3,3,3,4,3,4,3,3,3,3,3,3
661,4,4,4,4,4,4,4,4,3,4,3,3,4,3,4,4,4,4,2,3,3,3,3,4,4,4,4,3,4,4,4,4,4,3,3,4,3,4,4
662,4,5,4,4,4,4,4,5,5,3,4,3,4,4,3,4,4,5,5,4,4,5,5,4,4,4,4,4,4,3,4,4,4,3,3,3,3,3,4
663,5,5,4,3,4,5,5,5,4,4,5,3,4,4,4,4,5,4,4,4,4,4,4,4,4,5,4,4,4,4,4,4,5,4,4,5,4,5,4
664,6,6,5,6,5,6,5,6,5,5,6,5,5,5,6,6,5,7,2,3,4,3,3,5,4,5,6,5,4,5,5,4,6,5,5,4,5,4,4
665,3,3,3,3,3,3,3,3,3,3,3,3,3,3,3,3,3,3,6,6,7,6,6,4,4,4,4,4,3,4,4,4,4,3,3,3,3,3,4
666,4,4,4,4,3,4,4,4,3,3,3,3,3,4,4,4,3,4,4,4,4,4,4,4,3,4,3,3,3,3,3,3,3,4,4,4,3,3,3
667,4,3,3,3,3,3,4,3,3,3,3,3,3,3,3,4,3,4,2,2,2,2,2,4,3,3,4,3,3,3,3,4,4,3,2,3,3,3,4
668,5,5,4,5,5,5,5,6,4,5,5,4,4,5,4,5,5,4,4,4,4,3,4,6,5,6,5,4,6,6,5,6,6,4,4,5,4,5,6
669,3,3,3,3,3,3,3,3,3,3,3,2,3,3,3,3,3,3,2,2,2,2,2,3,3,3,3,2,3,3,3,3,3,2,2,2,2,2,3
670,4,4,4,4,5,5,5,4,5,5,5,4,4,4,5,5,4,5,4,3,4,3,3,4,4,5,5,4,5,4,4,5,5,4,5,5,5,6,5
671,5,5,4,4,4,4,4,4,4,4,4,3,3,4,4,4,4,4,5,4,6,4,6,5,5,5,5,4,5,4,4,5,5,4,3,5,5,4,5
672,4,4,4,3,4,4,3,4,4,3,3,3,3,4,4,4,4,4,4,5,4,4,4,4,4,3,4,3,3,3,3,3,3,3,2,3,3,3,3
673,5,6,4,4,4,4,4,5,5,4,5,4,5,5,5,5,5,6,4,4,4,5,5,5,4,6,5,5,6,5,5,6,6,5,6,6,5,6,5
674,5,4,5,4,4,5,5,5,5,4,4,4,4,4,5,4,5,5,4,3,5,4,3,4,4,4,4,3,4,4,3,4,3,3,2,4,3,3,4
675,4,5,4,4,5,5,5,4,4,5,5,4,4,4,5,4,5,4,3,4,5,3,4,5,4,5,5,4,5,5,4,5,5,4,5,6,5,5,4
676,2,2,2,2,2,2,2,2,2,2,2,2,2,2,2,2,2,2,3,2,4,3,3,1,2,2,2,1,1,1,1,1,1,1,1,1,1,1,1
677,5,4,5,4,4,4,4,4,4,4,4,3,4,4,4,5,5,4,6,6,6,4,4,4,4,4,4,4,4,4,4,4,4,4,3,4,3,3,4
678,4,4,4,4,4,4,4,4,4,4,4,3,4,4,4,4,5,5,4,4,5,3,4,4,4,4,4,4,4,4,4,4,5,3,3,3,3,3,4
679,3,4,4,3,3,3,3,3,3,3,3,3,3,3,3,3,3,3,3,3,3,3,4,3,3,3,3,3,4,3,3,3,4,3,2,3,3,3,3
680,5,5,6,5,5,4,4,4,4,5,5,4,5,5,4,5,5,5,3,3,3,3,4,4,5,4,4,4,5,4,4,4,5,4,4,5,4,4,4
681,4,4,4,3,4,4,4,4,4,3,3,3,4,3,4,4,4,4,4,4,5,4,4,4,3,3,4,3,3,3,3,3,4,3,3,3,3,3,3
682,4,5,4,4,4,4,4,4,3,3,4,3,4,3,4,4,4,4,4,4,6,4,5,4,4,4,4,4,4,4,4,4,4,3,4,4,4,3,4
683,4,4,4,4,4,4,4,4,4,3,4,3,3,4,4,4,4,4,2,2,3,2,2,4,4,4,4,4,4,3,4,4,4,4,4,4,4,5,4
684,6,5,6,5,5,5,5,6,4,5,5,5,5,5,5,6,5,5,4,3,3,3,3,6,6,5,5,4,5,5,5,4,5,4,5,5,4,5,4
685,6,6,5,5,6,6,6,5,4,5,5,5,5,5,6,6,4,5,5,6,4,4,5,6,5,5,5,4,4,4,4,4,5,4,4,5,5,5,4
686,3,3,3,3,3,3,3,3,3,2,3,3,3,3,3,3,3,3,2,1,2,2,2,2,3,2,3,2,3,3,3,3,4,3,3,4,3,3,4
687,4,4,3,3,3,4,4,4,3,3,4,3,3,3,3,4,4,4,3,2,3,2,3,3,4,4,4,3,3,3,3,3,3,3,2,3,3,3,3
688,3,3,3,3,3,3,3,3,3,2,3,3,3,3,3,3,3,3,2,2,3,3,3,3,4,3,4,3,3,4,4,4,4,3,3,3,3,3,4
689,4,4,4,3,4,5,4,5,4,4,5,3,4,3,4,5,4,4,4,4,4,4,4,5,5,4,4,5,5,5,5,6,5,5,4,5,4,5,6
690,3,3,3,3,3,3,4,3,3,3,3,3,3,3,3,3,3,3,2,3,3,2,2,3,3,3,3,3,3,3,3,2,3,2,2,3,2,2,3
691,3,3,3,2,3,3,3,3,3,2,2,2,2,2,2,3,3,3,4,4,4,4,3,3,3,3,3,2,2,2,2,2,3,2,2,2,2,2,2
692,5,5,4,5,5,5,6,5,5,4,5,5,4,5,4,5,6,4,3,3,3,2,3,4,4,5,5,5,4,4,3,4,4,3,3,4,4,4,3
693,5,4,5,5,4,4,5,5,4,4,5,4,5,4,5,5,4,5,6,5,6,4,4,5,5,5,5,5,5,5,5,5,5,5,4,6,5,5,4
694,3,4,3,3,3,3,3,3,3,3,3,3,3,3,3,3,3,4,3,3,5,3,4,3,3,4,3,3,3,3,3,3,3,3,3,4,3,3,3
695,5,5,4,4,4,4,4,4,4,4,4,5,4,4,4,4,4,5,4,5,4,3,4,5,5,5,5,5,5,6,4,5,6,5,5,5,5,6,5
696,3,3,3,3,3,3,3,3,3,2,3,2,3,3,3,3,3,3,4,5,5,5,4,3,3,2,3,2,3,3,3,3,3,3,2,3,3,3,3
697,3,3,3,3,3,3,3,3,3,2,3,3,3,3,3,3,3,3,4,5,4,4,6,3,4,4,4,3,4,4,4,3,4,3,3,4,4,4,4
698,2,2,2,2,2,2,3,2,2,2,2,2,2,2,2,2,2,3,7,5,6,6,5,2,3,2,3,2,2,2,2,2,2,2,1,2,2,2,2
699,6,5,5,4,5,5,5,5,4,4,4,5,4,5,5,5,6,5,1,1,1,1,1,6,5,6,5,4,4,5,5,5,5,4,4,4,4,4,4
700,4,5,5,4,4,5,4,4,4,3,4,3,4,4,4,4,4,4,5,4,5,4,6,3,4,4,4,4,3,3,3,3,4,3,2,3,3,3,3
701,4,5,4,4,4,4,4,4,4,3,4,3,3,4,4,4,4,4,2,2,3,2,3,3,4,3,4,4,3,3,3,4,4,4,3,4,4,4,4
702,3,3,3,3,3,3,3,3,3,2,2,2,3,3,3,3,3,3,3,4,4,4,4,3,4,4,3,3,4,3,3,4,4,4,3,3,4,4,3
703,5,5,5,4,6,5,6,5,5,4,6,4,5,4,5,5,5,5,3,2,2,3,3,5,6,6,4,5,5,4,4,5,6,4,5,5,5,6,4
704,4,4,4,4,4,4,4,4,4,4,4,3,4,4,3,4,4,4,5,3,5,4,5,4,4,4,4,5,4,5,5,4,5,5,5,6,5,5,5
705,5,5,5,5,4,6,6,5,5,4,4,5,4,5,5,6,6,5,4,4,5,4,4,5,5,6,4,5,4,4,4,5,4,4,3,5,4,4,5
706,6,5,6,5,5,6,5,5,5,4,5,4,5,6,6,5,5,6,3,4,3,3,3,6,6,6,5,6,4,4,4,5,6,5,5,5,6,6,5
707,4,4,4,3,4,4,4,4,4,4,4,3,4,4,4,4,4,4,3,4,4,3,3,4,4,4,4,3,4,3,3,4,4,3,4,4,4,4,3
708,6,5,5,5,4,4,5,5,4,5,4,4,4,5,4,5,5,6,5,3,4,4,3,4,5,5,4,4,5,5,5,4,5,4,4,5,5,5,5
709,6,5,6,5,5,5,5,5,5,6,6,4,5,5,4,6,5,6,5,4,5,3,5,5,5,6,5,5,6,6,5,6,7,5,6,7,6,6,6
710,4,4,3,3,3,3,4,3,3,3,3,3,3,3,3,4,4,4,4,4,4,4,3,3,4,4,3,3,4,4,4,3,4,4,4,4,4,4,4
711,3,3,3,2,3,3,3,3,2,2,2,2,2,2,2,3,3,3,3,2,3,3,3,3,3,3,3,3,2,2,2,2,3,2,2,2,2,2,2
712,2,2,2,2,2,2,2,2,2,1,2,2,2,2,2,2,2,2,2,2,2,2,2,2,2,2,2,1,2,2,1,1,2,2,1,2,2,2,1
713,3,3,3,3,3,3,3,3,3,3,3,3,3,3,3,3,3,3,5,5,4,3,5,3,3,3,3,3,4,4,3,3,4,4,4,4,4,4,3
714,5,5,5,4,4,4,4,5,4,4,4,4,4,4,4,4,5,5,5,4,4,4,5,4,4,5,4,3,4,3,3,3,5,3,4,4,4,4,4
715,3,3,3,3,3,3,3,3,3,3,3,3,3,3,3,4,3,4,3,4,5,4,4,3,3,3,3,3,3,3,3,3,3,3,2,3,2,3,4
716,4,4,4,3,4,4,4,4,4,3,3,3,3,4,3,4,4,4,3,5,5,3,5,3,3,3,3,3,4,4,4,4,4,3,3,4,3,4,4
717,4,4,4,4,4,4,4,5,4,4,3,4,4,4,4,4,4,4,4,3,3,4,3,4,4,5,4,4,5,4,4,4,5,5,4,5,5,5,4
718,4,5,4,4,5,5,5,5,5,4,5,3,4,4,4,5,5,5,2,2,2,2,2,4,4,4,4,4,5,4,4,4,5,4,4,4,4,5,5
719,4,4,3,3,3,3,3,3,3,3,3,3,3,3,3,4,4,3,4,4,5,3,4,3,3,3,3,3,4,3,3,3,4,3,3,3,3,4,4
720,4,5,5,3,4,4,5,4,4,4,5,4,4,4,4,5,5,4,3,4,4,3,3,5,4,5,5,4,5,4,5,4,6,4,3,5,5,4,5
721,3,3,3,3,3,3,3,3,3,2,2,2,3,3,3,3,3,3,3,4,3,4,3,2,3,3,2,2,3,2,2,2,3,2,2,3,2,3,2
722,4,4,4,4,4,4,5,4,4,4,4,4,3,4,4,4,4,4,6,6,4,6,6,5,5,5,5,4,5,4,4,5,6,4,5,4,4,4,5
723,3,4,3,3,3,4,3,3,3,3,3,3,3,3,3,3,3,3,3,3,4,4,3,4,4,4,3,3,4,4,4,4,4,4,3,4,4,4,4
724,3,3,3,3,3,3,3,3,3,3,3,3,3,3,3,3,3,3,5,4,6,3,4,3,3,3,3,3,3,2,2,2,3,2,2,2,2,2,3
725,5,5,5,5,5,5,5,4,5,4,5,4,5,4,5,4,5,5,2,2,3,2,2,5,5,5,4,4,4,3,4,3,4,3,3,3,3,3,4
726,3,3,3,3,3,3,3,3,3,3,3,3,3,3,3,3,3,4,3,3,3,2,2,3,3,3,3,2,2,2,2,2,3,2,2,2,2,2,2
727,6,6,5,6,5,5,5,5,5,5,6,4,5,5,6,6,5,5,4,5,5,5,5,6,6,6,5,6,5,6,5,5,5,5,5,5,4,4,4
728,3,4,4,3,3,4,4,4,3,3,3,3,3,3,3,4,3,4,3,3,4,3,3,4,3,4,3,3,3,3,3,3,4,3,3,4,3,3,3
729,3,4,4,3,4,4,4,4,3,3,4,3,3,3,3,4,4,4,2,2,2,2,2,4,4,4,4,3,4,4,4,4,4,3,3,4,3,4,3
730,4,4,5,3,4,4,4,4,4,4,4,3,4,4,3,4,4,4,3,4,3,3,3,4,4,4,4,4,4,4,4,4,4,4,4,4,4,4,4
731,4,4,4,3,4,4,3,4,3,3,4,3,3,3,3,3,4,4,4,4,5,5,4,4,4,5,4,3,4,4,4,4,5,5,4,5,4,5,4
732,4,3,4,3,3,4,4,4,3,3,4,3,3,3,4,4,4,3,4,4,5,4,4,5,4,4,4,4,4,4,4,4,5,4,4,4,4,4,4
733,5,6,6,5,5,4,5,4,4,4,5,4,4,4,4,5,5,5,1,2,1,1,1,4,4,4,4,4,4,4,4,3,4,3,3,3,3,3,3
734,3,4,3,3,4,3,3,3,3,3,3,3,3,3,3,3,3,3,4,5,4,5,3,3,3,3,3,3,3,3,3,3,3,3,3,4,3,3,2
735,3,3,3,3,3,3,3,3,3,2,3,3,3,3,3,3,3,3,3,3,3,3,3,3,3,3,3,3,3,2,2,3,3,3,3,3,3,3,3
736,3,4,4,3,3,3,4,4,3,3,4,3,4,3,4,3,4,4,3,3,4,3,3,4,4,4,3,4,3,3,3,3,3,3,2,3,3,3,4
737,3,3,3,3,3,3,4,3,3,3,3,2,3,3,3,3,3,3,5,3,5,4,4,3,3,3,3,2,3,3,3,3,3,2,2,3,2,3,3
738,2,2,2,2,2,2,2,2,2,1,1,2,2,2,1,2,2,2,4,5,6,5,4,2,3,2,2,2,3,2,2,2,3,2,2,3,2,3,2
739,5,5,4,4,5,4,5,5,4,4,5,4,4,4,4,5,5,5,3,3,4,3,3,4,5,5,4,4,3,4,4,3,4,3,4,4,4,4,4
740,5,5,5,4,4,4,6,4,5,4,5,5,4,4,4,4,5,5,3,3,2,3,3,4,5,5,6,4,4,5,5,4,6,4,3,4,3,4,4
741,3,3,3,2,3,3,3,3,3,2,3,2,3,2,2,3,3,3,3,3,3,2,3,3,3,2,3,2,2,2,2,2,3,2,2,2,2,2,2
742,4,4,4,3,3,4,4,3,4,3,3,3,3,3,3,4,4,3,5,4,6,4,4,3,4,4,3,3,3,3,3,3,4,3,3,4,3,3,4
743,2,2,2,2,2,2,3,2,2,2,2,2,2,2,2,2,2,3,3,3,4,3,4,3,3,3,3,2,3,3,3,3,4,4,3,3,3,4,3
744,4,3,3,3,3,3,3,3,3,3,3,3,3,3,3,3,3,3,4,4,3,3,3,4,3,4,3,4,3,3,3,3,4,3,3,3,3,3,4
745,6,5,6,5,6,5,6,5,6,5,6,5,5,6,5,6,6,6,6,5,6,4,5,6,6,6,5,5,4,5,4,4,6,5,4,6,5,6,5
746,4,5,5,4,5,5,5,5,5,5,4,5,4,4,5,5,4,5,5,5,5,4,5,5,4,5,4,4,5,4,5,5,5,4,4,5,4,4,4
747,0,0,1,0,1,0,0,1,1,0,1,0,0,1,1,1,1,1,1,1,1,1,1,0,0,1,0,1,1,0,1,0,0,1,1,1,1,1,0
748,4,4,4,3,4,4,5,4,5,3,4,4,4,3,4,4,4,4,3,3,4,4,4,5,4,4,4,4,4,4,4,4,5,3,4,4,4,4,4
749,6,5,6,4,6,5,5,5,5,5,6,5,5,5,5,6,5,6,2,2,2,2,2,5,5,6,5,5,5,4,4,5,5,4,4,4,4,4,4
750,3,3,2,2,3,2,3,3,2,2,2,2,2,2,2,3,3,3,5,4,5,3,4,3,3,3,3,3,3,3,3,3,4,3,2,3,3,3,4
751,5,5,6,4,5,5,6,5,5,5,5,4,5,4,4,5,5,5,5,7,6,5,6,5,4,4,5,4,5,4,5,5,5,4,5,6,5,4,5
752,4,4,4,3,3,4,3,4,3,3,4,3,3,4,3,4,4,4,4,5,4,4,4,3,4,4,3,3,3,3,3,3,3,2,2,3,2,2,3
753,5,5,5,3,4,5,5,4,4,4,5,4,4,4,4,5,4,4,2,2,2,3,3,4,4,4,4,4,5,4,4,4,5,5,4,4,4,5,5
754,3,4,4,3,4,4,4,4,4,3,4,3,3,3,3,4,4,4,4,4,3,4,3,4,4,4,4,3,4,4,4,4,4,5,4,4,5,4,4
755,4,5,4,4,4,5,4,4,4,4,5,4,4,4,3,4,4,4,2,2,2,1,2,4,4,4,3,3,3,3,3,4,4,4,3,3,4,4,4
756,4,4,4,4,4,3,4,4,3,3,4,4,4,4,4,4,4,4,4,3,4,3,4,3,3,4,3,3,3,3,3,4,4,3,3,3,4,3,3
757,3,3,3,3,3,3,3,3,3,2,3,3,3,3,3,3,3,3,2,2,2,2,2,3,4,3,3,3,4,4,4,3,4,3,3,4,4,4,3
758,5,5,5,5,4,4,5,5,4,4,5,4,4,4,4,4,5,5,2,3,3,2,2,5,5,5,5,4,4,5,4,5,5,4,5,4,5,5,5
759,4,4,4,3,3,4,4,4,3,3,3,3,4,3,3,4,4,4,4,5,4,4,5,3,4,3,3,3,3,3,3,3,3,3,2,3,2,3,3
760,3,4,3,3,4,3,4,3,3,3,3,3,3,3,3,4,4,4,3,4,3,4,3,4,3,3,4,3,3,3,3,3,4,3,2,3,3,3,3
761,4,4,4,3,4,4,4,4,3,3,3,3,3,3,3,4,4,4,4,4,3,3,3,3,4,4,4,3,4,4,4,4,5,5,4,5,4,5,5
762,4,4,3,3,4,3,3,3,4,4,4,4,3,3,3,4,4,4,2,2,2,2,3,5,4,5,4,3,4,4,4,3,5,4,3,5,4,4,4
763,4,3,4,3,4,3,4,4,4,3,3,3,3,3,3,3,4,3,4,3,3,3,3,4,4,4,4,3,3,3,3,4,4,3,3,3,3,3,3
764,5,4,5,5,4,4,5,5,4,4,5,4,4,4,5,4,5,4,4,4,5,4,5,6,5,5,5,4,5,6,5,5,6,5,5,6,5,6,6
765,4,3,3,3,4,4,4,4,3,3,3,3,3,3,3,4,4,4,5,4,5,4,4,4,4,4,4,4,4,3,4,3,4,4,4,4,4,4,4
766,3,3,3,3,3,3,3,3,3,2,2,2,3,2,3,3,3,3,5,5,5,5,4,3,3,3,3,3,3,2,3,2,3,3,3,3,3,3,2
767,5,6,6,5,6,5,5,5,5,4,6,5,5,4,6,6,6,6,4,5,5,3,5,5,5,5,5,6,4,5,4,4,5,4,4,4,4,4,5
768,4,5,5,4,5,6,6,6,5,4,4,5,5,5,5,5,6,6,2,2,3,3,2,4,4,4,4,5,5,5,4,5,5,4,5,4,4,4,5
769,3,3,3,3,3,3,3,3,3,3,3,3,3,3,3,3,3,3,4,3,4,4,5,3,3,3,3,3,3,3,3,3,3,3,3,3,3,3,3
770,5,4,4,3,4,4,5,4,4,3,4,3,4,4,4,4,4,4,4,3,4,3,4,3,4,3,3,3,3,3,3,3,3,2,2,3,2,2,3
771,2,2,2,2,2,2,3,2,2,2,2,2,2,2,2,2,2,3,3,3,4,3,2,3,3,3,3,2,3,3,3,3,4,3,3,4,3,3,3
772,4,4,4,3,4,4,4,4,4,4,4,3,4,3,4,4,4,4,2,2,2,2,2,4,4,4,3,4,4,4,3,3,4,4,3,4,4,3,4
773,4,4,4,4,4,3,4,4,3,4,3,4,4,3,4,4,4,4,3,3,4,2,3,5,4,5,4,4,5,4,4,4,5,4,3,4,3,4,4
774,5,4,4,4,4,4,4,4,4,3,5,3,4,4,4,4,5,5,2,3,2,3,2,4,5,4,5,4,4,4,4,4,4,4,4,5,4,4,5
775,3,3,3,3,3,3,3,3,3,2,3,3,3,3,3,3,3,3,3,3,4,3,4,3,3,3,3,2,3,3,3,3,3,3,3,3,3,3,3
776,6,6,4,5,6,5,5,5,5,4,5,5,4,5,4,5,6,5,4,3,4,3,3,6,5,5,4,4,5,6,6,5,6,5,5,5,4,5,6
777,4,3,3,3,3,3,3,3,3,3,3,3,3,3,3,4,4,4,1,1,1,1,1,2,3,3,3,2,2,2,2,2,3,2,2,2,2,2,3
778,4,4,4,3,4,4,4,4,3,4,4,4,3,4,3,4,4,4,3,4,4,3,4,4,4,4,4,4,4,4,4,4,4,3,3,4,4,4,5
779,3,4,3,3,3,3,3,4,3,3,3,3,3,3,3,3,4,3,2,2,2,2,2,3,3,3,3,2,3,3,2,3,3,3,3,3,3,3,3
780,3,3,3,3,3,3,3,3,3,3,3,3,3,3,3,3,3,3,4,3,4,4,4,4,4,3,3,3,3,3,3,3,4,2,2,3,2,2,3
781,4,4,4,3,4,4,4,4,3,4,4,3,4,4,3,4,3,4,3,3,4,2,3,4,5,4,4,4,4,4,4,5,5,5,5,5,5,5,4
782,4,4,4,3,4,3,4,4,3,3,3,3,3,3,3,4,4,4,2,2,2,2,2,3,3,4,4,3,4,4,3,3,4,4,4,4,4,4,4
783,5,4,6,5,4,5,5,4,4,5,5,4,4,5,5,4,5,5,3,5,4,3,4,5,5,5,5,4,4,4,4,5,4,4,3,4,5,4,4
784,4,4,5,4,4,4,4,4,4,3,4,4,3,3,4,4,4,4,4,3,4,4,4,3,4,3,4,3,3,3,3,3,4,4,3,4,4,4,4
785,4,4,4,4,4,4,4,4,4,3,3,4,4,4,4,4,4,4,3,3,2,2,2,4,5,4,4,4,4,4,5,5,5,5,5,5,5,5,4
786,5,4,4,3,4,4,5,4,4,4,4,3,4,3,3,4,4,5,3,3,3,2,3,4,4,4,5,3,4,4,4,4,5,3,3,4,4,4,4
787,3,3,3,2,3,3,3,3,2,2,2,2,2,2,2,3,3,3,4,3,4,4,4,3,3,3,3,2,3,3,3,3,4,3,3,3,3,3,3
788,4,5,5,4,5,4,4,4,4,3,4,4,3,4,4,4,4,4,4,5,4,5,4,4,4,4,4,3,4,4,4,4,4,4,4,5,4,5,3
789,5,5,4,3,4,5,5,4,4,4,4,3,4,3,5,5,4,5,3,3,3,3,3,4,4,5,4,4,4,4,4,4,4,3,3,4,4,4,4
790,6,6,7,4,6,6,6,6,6,5,6,4,5,6,5,6,6,6,2,2,2,2,2,6,5,5,6,5,6,5,6,7,7,7,5,7,7,7,5
791,4,4,4,4,4,4,4,4,4,3,4,3,3,3,4,4,4,4,5,4,5,3,5,5,4,5,5,4,4,4,4,4,5,3,4,4,3,3,4
792,6,5,5,4,5,5,5,4,4,4,5,5,5,5,4,5,6,6,3,2,2,2,2,6,5,5,5,5,4,5,4,4,6,5,6,5,5,5,6
793,5,5,5,4,5,6,5,5,5,5,5,5,5,5,6,6,5,6,3,3,3,2,4,5,5,5,4,4,5,4,5,4,5,4,4,5,4,5,6
794,5,5,5,5,5,5,5,5,6,4,6,4,4,4,4,5,5,5,3,4,5,3,3,6,6,5,6,5,6,4,5,6,5,4,5,5,5,5,5
795,5,4,4,3,4,4,5,4,4,4,4,3,3,4,3,4,4,5,2,3,3,3,2,3,4,4,3,3,4,3,4,4,5,4,4,5,5,4,4
796,4,5,4,4,4,4,4,4,4,3,4,3,4,4,4,5,4,4,3,4,4,3,4,5,4,5,4,4,4,3,4,4,5,4,3,5,4,4,4
797,3,3,3,2,3,3,3,3,3,2,3,2,3,2,3,3,3,3,4,4,4,5,5,3,3,3,3,3,3,3,2,3,3,3,2,3,3,3,3
798,4,4,4,3,3,4,4,4,3,3,4,3,4,3,4,4,3,4,3,4,4,3,3,3,3,4,3,3,3,3,3,3,3,3,2,3,2,3,4
799,4,5,4,4,5,4,5,5,4,4,5,3,5,5,4,5,4,4,2,2,3,2,2,4,5,5,4,4,5,4,4,4,4,3,3,4,3,4,4
800,6,5,5,5,6,5,6,4,5,5,4,5,4,4,6,5,5,6,3,4,3,3,3,5,5,5,5,5,5,4,5,5,6,4,4,6,6,5,4
801,5,6,5,4,5,5,4,5,4,4,5,4,5,5,4,5,5,5,3,3,3,3,3,5,5,5,4,4,4,4,4,5,5,5,5,5,4,5,5
802,4,3,3,3,4,3,4,3,3,3,3,3,3,3,3,3,3,3,4,4,4,4,3,3,3,3,3,2,3,3,3,3,4,3,3,3,3,3,3
803,6,5,6,5,6,6,6,5,6,5,6,6,5,5,6,6,6,6,3,2,3,2,3,6,5,6,4,5,4,4,4,5,5,4,4,5,6,6,5
804,3,4,4,3,4,4,4,3,4,3,4,4,4,3,4,3,4,4,2,2,2,2,2,4,4,4,4,3,4,4,3,4,4,4,4,4,4,4,4
805,4,4,4,4,4,4,4,4,4,4,4,4,4,3,3,4,5,4,3,2,3,2,3,4,5,4,4,4,4,4,3,3,4,4,4,4,3,4,3
806,5,6,6,4,5,4,5,4,4,4,5,4,4,4,4,4,5,6,4,4,4,5,4,5,5,5,4,4,4,5,4,4,5,5,5,6,4,6,4
807,1,1,1,1,1,1,2,1,1,1,1,1,1,1,1,1,2,1,4,6,5,4,4,2,2,2,2,2,2,2,2,2,3,2,1,2,2,2,2
808,4,4,4,3,3,4,4,4,3,3,3,3,3,4,3,4,3,4,1,1,1,1,1,3,4,4,4,4,4,4,4,4,4,4,3,4,4,4,5
809,3,3,3,3,3,3,3,3,3,3,3,3,3,3,3,3,3,3,1,1,1,1,1,3,3,3,3,3,3,4,3,4,4,4,3,4,4,4,3
810,4,5,5,4,4,4,4,4,4,3,4,4,4,3,4,4,4,4,1,2,2,1,1,4,4,4,4,4,3,3,3,3,4,3,2,3,3,3,2
811,4,6,6,5,5,5,6,5,4,5,5,4,5,5,4,5,5,6,3,3,3,3,3,6,5,7,6,5,5,5,4,5,6,6,6,6,6,5,5
812,4,4,3,3,4,3,3,3,3,3,3,3,3,3,3,4,3,3,7,6,7,5,6,3,4,4,3,3,3,3,3,4,4,3,2,3,3,3,3
813,4,4,3,3,4,4,4,4,4,3,4,3,4,4,4,4,4,4,3,3,3,3,5,5,4,5,4,4,4,4,4,4,5,5,4,5,5,4,4
814,3,4,3,3,3,3,3,3,3,3,3,3,3,3,3,4,4,3,7,7,6,6,4,4,3,3,3,3,3,3,3,3,3,3,2,3,3,3,3
815,4,4,4,3,3,4,4,4,4,4,3,3,4,4,3,4,4,4,4,3,3,3,3,3,4,3,4,3,3,3,3,3,3,3,2,3,2,3,2
816,5,4,4,3,4,4,4,4,4,4,4,4,3,4,4,4,5,4,3,3,4,2,2,5,4,4,3,3,4,3,4,4,4,3,3,3,3,3,4
817,4,4,5,4,5,5,5,4,4,4,5,4,4,4,4,4,4,5,1,1,1,1,1,4,4,4,4,4,4,4,4,5,5,4,3,4,3,4,5
818,3,3,3,3,3,3,3,3,3,2,3,3,2,3,2,3,3,3,2,3,3,3,3,3,3,3,3,3,2,2,2,2,3,2,1,2,2,2,3
819,4,5,4,4,4,4,4,4,5,4,5,4,4,4,4,5,5,5,3,4,4,4,4,4,5,5,4,5,5,5,4,4,4,4,4,5,5,5,5
820,4,4,4,3,4,4,4,4,4,4,4,3,3,4,3,4,4,4,3,4,3,3,4,4,4,3,4,4,3,4,3,4,4,4,4,4,4,4,4
821,5,4,4,5,4,5,5,5,4,5,5,4,4,4,4,5,4,5,4,4,5,5,4,4,4,6,5,5,6,5,5,5,6,5,6,5,5,5,6
822,3,4,4,3,3,3,4,3,3,3,3,3,3,3,3,3,4,4,3,3,3,2,3,3,4,4,4,4,4,4,4,4,4,4,4,4,3,4,5
823,4,4,3,3,4,3,4,4,3,3,3,3,4,3,3,4,3,4,4,5,4,4,4,3,4,3,3,3,4,3,4,4,4,4,3,4,3,3,3
824,5,4,5,4,4,4,4,4,4,4,4,4,3,4,4,4,5,5,3,3,3,3,4,4,4,4,3,3,4,4,4,3,5,3,4,4,4,4,3
825,5,6,5,4,6,6,7,6,5,5,6,5,5,6,5,6,7,7,3,3,3,2,3,5,5,7,5,5,7,6,7,7,7,6,5,7,5,7,7
826,3,4,4,4,3,4,4,4,3,3,3,3,3,3,4,4,4,4,3,3,4,3,4,3,4,4,4,3,4,3,3,3,4,3,3,3,3,3,4
827,4,6,4,4,4,4,4,4,5,4,4,4,5,4,5,4,4,4,3,6,5,4,5,5,6,6,4,5,5,5,5,6,6,5,5,6,5,5,5
828,3,3,3,3,3,3,3,3,3,3,3,2,3,3,3,3,3,3,1,1,1,1,1,3,3,3,3,3,3,2,2,3,3,3,2,3,3,3,2
829,3,4,4,3,4,4,4,3,3,3,3,3,3,3,3,4,3,4,3,3,5,4,5,4,4,4,3,3,4,4,3,3,4,4,3,4,4,4,3
830,4,3,4,3,3,4,4,3,3,3,3,3,3,3,3,4,4,4,4,3,3,2,3,4,4,4,3,3,4,3,4,4,4,3,3,3,3,3,3
831,4,4,4,3,4,4,4,4,3,3,3,3,4,3,4,4,4,4,3,3,4,4,4,5,4,4,4,4,4,4,4,4,5,4,4,5,5,5,4
832,3,3,3,3,3,3,3,3,3,3,3,2,3,3,3,3,3,3,1,1,1,1,1,3,3,3,3,2,3,3,3,2,3,2,2,2,2,2,2
833,4,5,5,4,4,5,4,4,5,4,4,3,4,4,4,4,5,4,3,4,5,3,4,4,5,5,5,4,4,4,4,4,4,3,3,4,3,4,4
834,4,4,4,4,4,4,4,4,4,3,4,3,3,4,3,5,5,4,4,4,3,4,4,5,5,5,4,4,5,4,5,5,6,5,5,5,5,5,5
835,3,3,3,3,3,3,3,3,3,3,3,2,3,3,3,3,3,3,6,5,7,6,5,3,3,3,3,2,4,4,3,4,4,4,3,4,4,4,4
836,3,3,3,3,3,3,3,3,3,3,3,3,3,3,3,3,3,3,2,2,2,3,3,4,4,4,4,3,3,3,4,3,4,3,3,3,3,3,3
837,3,3,3,3,3,3,3,3,3,3,3,3,3,3,3,3,3,3,3,3,3,2,2,3,3,3,3,2,2,2,2,2,2,2,2,2,2,2,2
838,6,6,6,4,5,4,5,5,5,5,4,5,5,5,4,5,5,5,4,4,3,3,4,4,6,5,4,4,5,5,5,5,6,5,5,6,6,5,5
839,5,5,4,4,4,4,4,4,5,3,4,4,5,4,4,4,5,4,4,3,3,3,3,5,4,4,5,4,5,5,5,5,5,4,5,5,4,4,6
840,4,4,4,4,3,4,4,4,3,4,4,3,4,4,4,4,4,4,4,4,4,4,4,3,3,3,3,3,4,4,4,4,4,3,3,3,4,4,5
841,2,2,2,2,2,2,2,2,2,1,2,2,2,2,1,2,2,2,3,4,4,3,4,2,2,1,2,1,2,2,2,2,2,2,1,2,2,2,2
842,3,3,3,3,3,3,3,3,3,3,3,3,3,3,3,3,3,3,5,5,7,4,5,3,3,3,3,3,3,3,3,3,3,2,2,3,2,2,3
843,4,5,4,4,5,4,4,4,4,3,4,4,4,4,4,5,5,4,3,2,3,3,3,4,5,4,4,4,4,4,4,5,5,4,4,4,5,4,4
844,4,3,4,4,3,3,4,4,4,3,3,3,3,4,4,4,4,4,3,3,3,3,2,4,3,3,4,3,3,3,3,3,3,2,2,3,2,3,3
845,4,3,3,3,3,3,3,3,3,3,3,3,3,3,3,3,3,4,5,4,4,4,5,3,4,3,3,3,2,2,3,2,3,2,2,2,2,2,2
846,3,3,3,3,3,3,3,3,3,3,3,3,3,3,3,3,3,3,5,4,6,4,4,4,3,4,3,3,4,4,4,4,5,4,3,4,4,3,4
847,4,4,3,3,4,4,4,4,3,3,4,4,3,4,4,4,4,4,3,2,3,3,2,4,4,4,4,3,4,4,4,5,5,5,5,4,5,4,3
848,5,5,5,4,5,4,4,5,4,4,5,4,5,5,4,4,4,4,3,3,4,3,4,4,4,5,4,4,5,5,4,4,5,4,3,4,4,4,4
849,4,4,4,3,3,4,3,3,3,3,3,3,3,3,3,3,3,3,7,6,7,7,7,4,4,4,4,4,5,4,4,4,5,4,3,4,3,4,3
850,5,5,4,4,4,4,5,4,4,3,4,3,4,3,4,4,4,4,3,3,3,3,4,5,5,5,5,4,4,5,4,5,5,4,4,5,5,5,4
851,4,3,3,3,3,3,3,3,3,3,3,3,3,3,3,3,4,4,5,4,4,5,4,3,3,4,3,4,4,3,3,4,4,3,3,3,3,3,3
852,4,4,4,3,4,4,4,4,4,3,4,3,4,3,4,5,4,4,5,4,4,4,5,5,4,4,4,4,5,4,5,5,5,5,4,5,5,4,4
853,4,4,4,4,4,5,4,5,4,4,4,3,4,4,4,4,4,5,4,4,5,4,4,4,4,4,4,4,4,3,3,4,4,3,4,4,4,4,4
854,6,5,6,5,6,5,5,5,5,4,5,4,5,5,4,5,5,6,5,5,3,4,4,5,6,6,4,5,5,5,5,5,5,5,6,5,6,6,5
855,4,4,4,3,4,3,4,3,4,4,4,3,3,3,4,4,4,4,4,3,3,4,4,4,4,5,4,3,4,4,4,3,4,3,3,3,3,3,3
856,6,5,5,4,5,6,5,5,5,5,6,4,5,5,6,6,5,5,5,5,4,5,5,5,4,6,4,5,4,4,5,4,5,4,4,5,5,5,5
857,5,5,5,4,5,5,5,4,4,4,4,4,5,4,4,4,5,4,3,3,3,3,3,5,5,4,5,4,4,5,4,4,5,4,4,4,5,5,4
858,4,5,4,4,4,4,4,4,3,3,4,3,3,4,4,4,4,4,3,3,2,3,2,4,4,5,4,4,4,4,4,4,5,3,3,4,4,4,5
859,2,2,2,2,2,2,2,2,2,2,2,2,2,2,2,2,2,2,3,3,4,2,3,3,3,3,3,3,2,2,2,2,3,2,1,2,2,2,2
860,3,3,3,3,4,3,3,4,3,3,3,3,3,3,3,3,3,4,4,3,3,4,4,3,3,3,3,3,3,3,3,3,3,3,2,3,2,2,3
861,4,5,4,4,4,4,5,5,4,4,4,4,4,4,4,5,5,5,3,3,3,3,3,4,4,4,4,4,4,5,4,5,4,4,4,5,5,4,5
862,4,5,4,4,4,5,5,4,4,4,5,4,4,4,3,5,5,5,2,2,2,3,3,4,4,4,4,3,5,4,4,4,5,4,3,4,4,3,4
863,5,5,5,4,5,5,4,5,4,5,4,4,4,5,4,5,5,4,3,4,4,4,4,4,4,4,4,3,4,4,4,4,4,4,3,4,4,4,4
864,4,5,4,4,4,4,4,4,4,4,4,4,4,4,3,4,5,4,2,2,2,2,2,4,5,4,4,4,5,4,4,5,5,4,4,4,4,5,5
865,4,4,4,4,4,4,4,4,4,3,4,3,4,3,4,4,4,4,4,3,4,3,4,5,4,4,4,4,4,3,4,4,5,3,3,4,3,3,4
866,6,5,5,5,5,4,6,4,4,4,4,4,4,5,4,4,4,5,4,4,4,4,3,5,5,5,5,5,5,5,4,7,7,5,6,7,6,7,5
867,4,5,4,4,5,4,4,4,4,4,4,4,4,4,4,4,5,4,3,3,4,3,3,4,5,4,4,4,4,3,4,4,4,4,4,4,4,4,4
868,5,4,4,3,4,4,5,5,5,4,4,4,4,4,4,4,4,4,3,2,3,2,3,4,5,4,4,4,5,5,4,5,5,5,4,5,5,5,4
869,3,3,3,3,3,3,3,3,3,3,3,3,3,3,3,4,3,4,3,3,3,2,2,3,3,3,3,3,4,3,4,4,4,3,2,3,3,3,3
870,5,5,4,4,5,4,5,5,4,4,5,5,5,5,4,5,5,5,3,3,4,3,3,5,5,5,5,5,5,4,5,4,5,4,3,3,3,3,5
871,4,4,4,4,4,4,4,4,3,4,4,4,3,4,3,3,4,4,3,5,4,4,4,4,4,4,3,3,4,3,4,4,4,4,3,4,3,4,4
872,3,3,3,3,3,3,3,3,3,3,3,2,3,3,3,3,3,3,4,5,4,5,3,3,3,2,3,2,2,2,2,2,2,2,2,2,2,2,2
873,3,4,4,3,4,4,4,4,3,3,3,3,3,3,4,3,4,3,4,4,3,3,4,4,4,3,3,3,3,3,4,4,4,4,3,4,4,4,3
874,3,3,3,2,3,3,3,3,2,2,2,2,2,2,2,3,3,3,3,3,5,3,4,3,3,3,3,2,3,2,2,3,3,2,2,2,2,2,2
875,4,5,4,3,4,4,4,4,4,3,5,3,3,3,4,5,4,4,4,5,4,4,5,4,5,4,5,4,4,4,4,4,4,5,4,5,4,4,3
876,3,3,3,3,3,3,4,3,3,3,3,3,3,3,3,4,3,4,4,4,3,3,5,3,3,4,3,3,3,3,3,3,3,3,3,4,3,3,2
877,2,2,2,2,2,2,2,2,2,2,2,2,2,2,2,2,2,2,2,3,3,2,3,2,3,2,2,2,2,2,2,2,3,2,2,2,2,2,2
878,5,4,4,4,4,4,5,4,4,4,4,3,4,3,4,4,4,4,3,4,3,3,4,3,4,4,3,3,3,3,4,3,4,4,4,4,4,4,4
879,2,2,2,2,2,2,2,2,2,2,2,2,2,2,2,2,2,2,2,2,3,2,2,2,3,2,2,2,2,2,2,2,2,2,1,2,2,1,2
880,4,4,4,4,4,5,5,5,4,4,4,4,4,4,4,4,4,5,5,5,6,4,5,4,4,5,4,4,5,4,4,5,4,5,4,5,4,5,4
881,4,4,3,3,3,4,4,3,4,3,3,3,4,3,4,4,4,4,3,5,5,4,5,3,4,4,4,3,4,3,3,4,4,3,3,3,3,3,3
882,4,5,5,4,4,5,5,5,5,4,4,4,5,4,4,5,5,5,5,4,4,4,5,5,5,6,5,5,5,5,4,5,5,4,4,5,4,5,4
883,4,5,4,4,5,5,5,5,5,5,4,4,4,4,4,4,5,5,3,3,3,2,3,5,4,5,4,5,5,5,5,4,5,4,3,4,5,4,4
884,4,5,5,5,4,5,4,4,5,4,5,4,4,5,5,4,4,5,4,5,5,4,5,4,5,5,5,4,6,4,4,5,6,5,4,4,5,4,6
885,4,4,5,4,5,5,5,5,5,5,5,4,4,4,4,5,4,4,5,5,6,4,5,6,4,6,5,5,5,4,4,4,5,4,5,5,4,6,4
886,4,4,3,3,3,4,3,3,3,3,3,3,3,3,3,4,4,4,3,3,3,3,3,3,3,3,3,3,3,3,3,3,4,3,2,3,3,3,3
887,5,5,4,4,4,4,4,4,4,4,4,4,4,3,3,4,4,5,6,6,5,5,4,5,5,5,5,5,5,4,5,5,5,6,6,6,5,4,5
888,4,4,3,3,4,3,4,4,4,3,4,4,4,3,4,4,4,4,3,3,2,2,3,4,4,4,4,4,4,4,4,4,4,5,5,4,5,5,3
889,4,4,4,4,4,3,4,3,4,4,4,3,4,4,3,4,4,4,5,4,4,4,5,4,4,4,4,3,4,4,3,4,4,3,3,4,4,4,3
890,3,3,3,3,3,3,3,3,3,3,3,3,3,3,3,3,3,3,3,3,3,3,2,3,3,3,3,2,3,2,2,2,3,3,2,3,3,3,2
891,6,5,5,5,5,6,6,5,4,4,6,4,5,4,4,6,5,5,3,4,4,3,4,5,4,5,5,4,5,4,5,5,6,5,4,5,5,4,4
892,5,6,4,4,4,5,5,5,4,4,4,4,4,4,5,5,5,6,4,5,4,5,5,5,5,5,5,5,6,5,4,6,6,5,5,6,5,5,6
893,5,5,5,4,5,4,5,5,5,4,5,4,4,4,5,4,5,5,4,3,4,4,3,4,4,4,4,4,4,4,4,4,5,3,3,4,4,4,4
894,4,4,5,4,4,4,4,4,4,3,4,3,5,4,4,4,4,4,2,3,3,2,3,4,4,4,4,3,3,4,3,3,4,3,3,3,3,4,4
895,4,3,4,3,4,3,4,3,3,3,3,3,3,3,4,3,3,4,4,3,3,3,3,4,4,3,4,3,3,3,3,3,3,4,3,3,3,4,3
896,4,4,3,3,3,3,3,3,3,3,3,3,3,3,3,3,3,3,4,4,4,3,4,4,4,4,3,3,3,3,3,3,4,3,3,4,3,3,3
897,4,4,3,3,3,4,4,4,3,3,3,3,4,3,3,4,3,4,5,4,4,5,4,4,3,3,3,3,3,3,3,3,3,3,3,4,3,3,3
898,5,5,6,5,4,5,5,4,5,5,6,4,5,5,5,5,4,5,2,3,2,3,2,6,6,6,4,5,6,5,4,6,5,5,5,5,5,5,5
899,4,4,3,3,4,3,4,4,4,4,4,4,4,3,3,4,4,4,2,2,2,2,2,3,4,4,4,3,4,4,3,4,5,5,4,4,5,5,4
900,4,4,4,3,4,4,4,4,3,4,4,3,3,4,4,4,4,4,4,4,4,4,5,5,5,5,5,4,4,4,4,4,4,3,3,4,4,3,5
901,5,5,5,4,4,4,5,6,5,4,5,5,5,4,4,4,6,5,4,3,4,4,4,6,5,5,5,5,4,4,5,5,6,5,4,4,5,5,5
902,4,4,4,4,4,4,4,4,3,3,4,3,3,3,4,4,4,4,3,3,3,2,2,4,4,4,4,3,4,3,3,4,4,4,4,4,4,4,4
903,5,5,6,6,6,6,5,5,6,4,5,5,5,5,5,6,5,6,2,2,2,2,2,5,5,5,4,4,4,4,5,4,5,3,4,3,3,4,4
904,5,5,4,4,5,4,5,6,5,5,5,5,4,5,4,5,5,5,3,3,3,3,3,5,5,6,4,5,5,5,4,5,4,4,4,5,4,5,5
905,5,7,6,6,6,6,6,5,5,5,6,5,7,6,6,6,6,6,3,2,3,2,2,6,6,7,6,5,5,6,7,5,6,6,6,7,6,6,6
906,5,5,5,5,5,5,6,5,5,5,6,4,5,5,4,5,4,5,4,4,3,3,4,5,5,5,5,5,4,5,4,5,5,5,5,5,6,6,5
907,4,5,4,4,4,4,4,4,4,3,4,4,4,4,3,4,4,4,4,4,4,4,3,4,4,4,4,3,4,3,3,4,4,4,3,4,3,4,4
908,4,4,4,3,3,4,4,4,4,3,4,3,4,3,4,4,4,4,4,4,3,3,3,4,4,4,4,4,4,4,5,5,5,4,4,5,4,4,3
909,6,6,5,5,4,5,5,6,6,5,5,4,6,5,6,5,6,6,5,5,5,5,5,5,5,6,6,4,5,5,5,5,5,6,6,7,5,6,6
910,3,4,4,3,3,4,4,4,4,3,3,3,4,3,4,4,4,4,3,4,3,4,4,3,4,4,3,3,4,3,3,3,4,3,3,4,4,4,4
911,5,5,7,5,5,5,6,7,5,6,5,5,7,5,7,6,5,6,4,4,6,4,5,5,6,5,5,5,6,6,5,5,6,6,4,6,6,6,5
912,4,4,4,4,4,4,5,4,4,4,4,3,4,3,4,4,4,4,3,3,3,4,3,5,4,5,4,3,3,3,4,3,4,3,3,3,3,3,4
913,6,6,5,4,4,5,4,5,5,4,4,5,5,4,5,5,5,5,2,2,3,3,2,5,4,5,5,4,4,3,4,3,5,4,3,4,4,4,4
914,4,4,4,3,4,4,4,4,4,3,3,3,4,4,3,4,4,4,2,3,3,2,2,5,5,4,4,3,4,4,4,4,4,4,4,5,5,5,4
915,3,3,3,3,3,3,3,3,3,2,3,2,3,3,3,3,3,3,2,2,2,2,2,3,3,3,3,2,2,2,2,2,3,3,2,3,2,2,3
916,4,4,4,3,4,4,4,4,3,3,3,3,3,3,4,4,4,4,3,3,3,3,3,4,4,3,3,3,3,3,3,3,4,3,3,3,3,3,4
917,5,5,5,5,5,5,5,5,5,6,5,4,5,6,4,5,5,5,4,3,4,3,4,5,5,6,5,4,6,5,5,7,6,5,5,7,5,5,5
918,4,4,4,3,4,4,4,4,3,3,3,3,3,3,3,4,4,4,5,6,5,6,5,4,4,3,4,3,3,3,3,3,3,3,3,4,3,3,3
919,5,5,4,5,4,4,4,5,4,4,4,4,4,5,4,4,5,5,4,4,4,3,4,4,5,5,4,4,4,3,4,4,4,3,3,3,3,3,3
920,4,4,4,4,4,4,4,4,4,3,3,4,3,3,4,5,4,5,4,4,4,4,4,5,4,5,5,4,5,4,4,5,5,4,4,5,4,5,4
921,5,5,6,5,6,6,5,5,5,4,5,6,5,5,5,6,5,6,6,4,6,5,6,6,5,6,5,6,6,5,6,6,7,5,6,7,6,5,5
922,5,5,6,4,5,4,5,5,5,4,5,4,4,4,4,5,4,5,4,4,3,4,4,4,4,4,5,4,4,5,5,5,5,4,4,5,4,4,5
923,5,5,5,5,5,5,6,4,5,4,5,4,4,4,4,5,6,5,4,3,4,4,3,5,5,4,5,4,4,4,4,4,4,4,4,4,4,4,4
924,3,3,4,3,4,3,4,3,3,3,3,3,3,3,3,3,3,4,5,5,5,5,4,3,3,3,3,3,3,3,3,3,3,3,2,3,3,3,3
925,3,3,3,3,3,3,3,4,3,3,3,3,3,3,3,3,3,3,3,3,3,3,3,4,3,4,3,3,3,3,3,3,3,3,3,4,4,4,3
926,5,5,6,5,4,4,5,5,4,4,5,5,5,4,4,6,5,4,5,5,6,3,5,4,5,4,5,4,5,5,4,5,4,4,4,5,4,4,4
927,4,4,4,3,4,4,4,4,4,3,3,3,4,3,4,4,4,5,4,5,5,4,5,4,4,4,4,3,3,4,4,4,5,4,3,4,4,4,5
928,6,5,5,4,5,5,5,5,5,4,5,5,6,5,5,5,5,5,5,4,4,5,5,5,5,5,6,5,4,6,5,6,6,5,5,6,6,6,5
929,4,4,3,3,3,4,4,3,3,3,3,3,3,3,3,4,4,4,1,1,1,1,2,4,4,4,4,3,3,3,3,3,4,3,3,3,3,4,4
930,3,3,3,3,3,3,3,3,3,2,3,2,3,3,3,3,3,3,5,6,4,4,6,4,3,3,3,3,3,3,3,3,3,3,3,4,4,4,3
931,4,3,3,3,4,4,4,3,3,3,3,3,4,3,3,4,4,4,3,3,4,3,3,4,4,4,4,4,4,4,3,4,4,3,3,3,3,3,3
932,6,5,6,5,5,5,6,5,5,4,4,4,4,5,4,5,5,5,4,4,3,4,4,4,5,5,5,5,5,4,5,5,5,5,5,6,5,6,5
933,3,4,3,3,3,3,4,3,3,3,3,3,3,3,3,3,3,3,3,2,2,2,3,4,3,3,3,3,3,3,3,3,3,2,2,3,2,2,3
934,3,3,3,3,3,3,3,3,3,3,3,3,3,3,3,3,3,3,4,4,3,4,4,3,4,3,3,3,3,3,3,3,4,3,2,3,3,3,3
935,5,5,4,5,5,4,5,5,5,4,5,4,5,5,5,5,5,5,2,2,2,2,2,6,5,5,4,4,4,4,5,4,5,5,5,5,5,4,4
936,5,6,5,4,6,4,6,6,5,4,5,5,5,5,5,6,5,5,4,4,4,4,4,7,6,5,4,4,6,5,5,6,5,5,6,5,6,5,5
937,5,5,5,4,5,4,4,5,5,4,5,4,4,4,4,5,4,5,4,5,5,4,3,4,4,4,4,4,4,5,4,4,5,4,5,5,4,4,4
938,3,3,3,2,3,3,3,3,2,2,2,2,2,2,2,3,3,3,4,4,5,4,5,3,3,3,4,3,3,3,3,4,4,4,3,3,4,3,3
939,5,5,5,4,5,5,4,5,5,4,5,4,4,4,4,5,5,5,1,1,1,1,1,5,4,5,4,4,4,4,4,4,4,3,3,3,3,3,5
940,3,4,4,3,3,3,4,4,3,3,3,3,3,3,3,4,3,3,3,4,4,3,3,3,4,4,3,3,4,3,3,4,4,3,3,4,3,3,4
941,4,3,4,3,3,4,3,3,3,3,3,3,3,3,3,3,4,4,3,3,4,3,3,4,4,4,4,3,3,3,4,4,4,3,3,4,4,3,4
942,4,4,4,4,4,4,4,3,3,3,4,3,4,3,4,4,3,4,3,4,5,4,5,3,4,3,3,3,3,3,3,3,3,2,2,2,2,2,3
943,4,4,4,4,3,4,4,4,3,4,3,3,3,4,4,4,4,4,5,4,4,4,4,4,4,5,5,3,4,3,4,4,4,4,4,4,4,4,3
944,6,5,5,5,5,5,5,5,4,4,6,4,5,5,4,5,5,6,2,2,2,2,3,5,4,4,4,5,4,5,4,5,6,4,4,4,4,4,4
945,3,3,3,3,3,3,3,3,3,3,3,3,3,3,3,3,3,4,4,4,6,6,4,3,3,3,3,2,3,4,3,3,4,3,2,3,3,3,3
946,5,4,5,3,4,5,4,4,5,4,4,4,4,4,4,5,5,4,4,4,5,3,5,6,5,5,4,5,5,5,6,5,5,5,5,5,5,5,5
947,4,4,5,4,5,4,4,4,4,3,4,4,4,4,4,4,4,4,3,3,3,3,3,4,4,4,3,4,4,4,4,4,4,4,3,4,3,4,3
948,6,7,7,7,6,7,7,6,7,6,6,6,7,7,7,6,7,6,5,5,5,5,5,7,7,6,7,7,7,7,6,7,6,6,7,6,7,7,7
949,5,4,4,4,4,4,4,4,3,4,4,4,3,4,4,4,4,4,4,4,4,3,4,4,4,4,4,4,3,4,4,4,4,3,2,3,3,3,3
950,4,4,3,3,4,4,4,3,3,3,3,3,3,3,4,4,4,4,3,3,3,3,3,4,4,4,4,3,4,4,3,4,4,4,4,5,4,5,4
951,4,3,4,3,3,4,4,4,3,3,3,3,3,3,3,3,3,3,2,3,3,3,2,3,3,4,3,3,4,4,3,3,4,4,4,4,4,4,4
952,4,4,3,3,4,3,4,3,4,3,3,3,3,3,3,3,4,4,4,4,6,4,4,4,4,4,4,3,3,3,3,3,3,3,2,3,3,3,4
953,6,7,6,5,5,5,6,5,5,5,5,6,4,5,5,5,5,5,3,3,3,3,3,6,5,5,6,5,6,5,6,7,7,6,6,7,7,6,6
954,4,4,3,3,3,4,3,3,4,3,4,3,3,3,3,3,3,4,5,3,5,3,5,5,4,4,4,4,4,4,4,5,5,4,3,4,3,4,5
955,3,3,3,3,3,3,3,3,3,3,3,3,3,3,3,3,3,3,3,3,3,3,3,3,3,3,3,3,3,3,3,4,4,3,3,4,4,4,3
956,4,4,5,3,4,4,4,4,4,4,4,4,4,3,4,4,4,4,3,3,3,3,3,4,5,4,4,5,5,4,4,5,5,4,4,5,5,5,4
957,3,3,3,2,3,3,3,3,3,2,3,2,3,3,3,3,3,3,4,4,4,4,3,3,3,3,3,2,3,4,3,4,4,3,2,3,3,3,4
958,4,4,4,4,4,4,5,4,4,4,5,4,4,4,4,5,4,4,3,3,2,2,3,4,4,4,3,3,3,3,3,4,4,4,4,5,4,4,3
959,4,4,4,4,4,4,4,4,4,4,3,3,4,3,4,4,4,4,3,3,4,3,4,5,4,4,5,4,4,4,4,4,4,3,3,3,3,4,3
960,3,4,4,3,3,3,4,3,3,3,4,3,3,3,4,4,4,4,5,5,5,5,4,4,4,3,3,3,4,4,4,4,4,4,4,5,4,5,3
961,4,4,5,5,5,4,5,5,5,4,5,4,5,5,4,6,6,4,3,3,4,3,4,6,4,5,5,5,6,4,4,5,6,6,5,6,5,6,6
962,4,4,4,3,4,4,4,4,4,3,3,3,3,4,4,4,4,4,5,4,4,4,5,4,4,4,4,4,3,4,3,4,4,3,3,4,3,3,3
963,4,5,4,4,4,4,4,5,5,4,4,3,4,4,4,4,5,4,3,2,3,3,2,4,4,4,3,4,4,4,4,4,4,3,3,4,3,3,4
964,7,7,6,6,6,7,6,7,6,6,6,6,6,6,5,7,7,7,4,4,5,5,5,7,5,7,5,5,5,5,5,6,6,5,6,6,6,7,5
965,6,7,6,5,6,6,5,6,6,6,6,5,5,6,5,6,5,5,4,4,3,4,4,5,6,5,5,5,7,5,5,6,6,6,6,5,4,5,6
966,4,4,4,3,3,4,4,4,4,4,3,4,3,4,4,4,4,4,3,3,3,3,3,4,4,4,4,3,4,3,4,4,4,3,4,4,3,4,3
967,3,3,3,3,3,3,4,3,3,2,3,3,3,3,3,3,3,3,6,6,6,5,5,3,4,3,3,3,3,3,3,3,3,2,2,2,2,2,3
968,3,2,2,2,2,2,3,3,2,2,2,2,2,2,2,3,3,3,5,4,5,4,4,3,3,3,3,3,3,3,3,3,3,3,3,3,3,3,3
969,5,5,5,4,4,4,4,4,4,4,4,3,3,4,4,4,5,5,4,4,4,4,5,5,5,4,4,4,4,5,4,4,5,5,5,5,4,5,5
970,6,6,5,5,4,5,5,5,4,5,6,5,5,5,5,5,6,5,3,3,3,3,4,6,5,5,6,4,5,5,4,4,6,5,5,4,4,4,5
971,3,3,3,2,3,3,3,3,3,2,2,2,2,2,2,3,3,3,3,3,2,3,3,3,3,3,3,2,2,2,2,2,3,2,2,2,2,2,3
972,2,2,2,2,2,2,2,2,2,1,1,2,2,2,2,2,2,2,2,3,3,3,2,2,3,2,2,2,2,2,2,2,2,1,1,2,2,1,2
973,3,3,3,3,3,3,4,3,3,3,3,3,3,3,3,3,3,3,2,2,2,2,2,3,4,3,4,3,3,3,3,3,3,3,2,3,3,3,3
974,4,5,5,4,4,4,4,4,4,4,5,4,4,3,4,5,5,4,4,4,5,4,4,4,4,4,4,4,5,4,4,4,4,5,5,4,4,5,4
975,5,5,5,4,5,5,5,5,5,4,5,4,5,5,4,5,4,6,2,3,2,2,3,6,5,5,5,4,5,5,5,5,6,4,4,5,4,5,4
976,2,2,2,2,2,2,2,2,2,2,2,2,2,2,2,2,2,2,4,5,4,3,4,2,3,2,2,2,3,3,3,2,3,3,2,3,3,3,3
977,4,4,4,3,4,4,4,4,4,3,4,3,4,3,4,4,4,4,2,2,2,2,2,4,4,3,3,3,4,4,3,3,5,3,3,3,3,3,4
978,4,4,4,4,4,4,4,4,3,3,3,3,3,3,4,4,4,4,3,3,3,3,3,3,4,3,3,3,3,3,3,3,3,3,3,3,3,3,3
979,4,4,4,3,3,4,3,4,3,3,4,4,3,3,4,4,4,4,4,3,4,3,3,3,3,3,3,3,3,3,3,3,4,3,3,4,3,3,4
980,5,5,5,4,4,5,4,4,4,4,4,4,4,4,4,5,5,5,3,3,3,3,3,5,5,5,4,5,6,5,5,5,6,6,5,6,5,5,5
981,4,4,4,3,3,3,4,3,4,3,3,3,3,3,3,3,3,4,1,2,2,2,2,3,4,3,3,3,4,3,4,3,4,4,3,3,4,4,4
982,4,4,4,4,4,3,4,4,4,4,4,3,3,3,3,4,4,4,3,3,3,3,3,4,4,5,4,3,4,5,4,5,5,5,5,5,5,5,5
983,4,4,3,3,4,4,4,3,3,3,3,3,4,3,3,3,4,4,3,3,3,2,4,4,4,4,4,4,4,4,4,4,4,4,4,4,3,4,4
984,3,3,3,2,3,3,3,3,3,2,2,3,3,2,3,3,3,3,5,5,4,4,4,3,4,3,3,3,4,3,3,4,5,4,3,4,4,4,3
985,5,5,5,5,5,5,5,5,5,5,5,4,5,4,5,4,5,5,5,5,6,4,4,5,6,6,5,5,6,6,5,5,5,5,4,5,6,5,5
986,3,4,3,3,3,3,3,3,3,3,3,3,3,3,3,3,3,3,5,4,5,5,6,4,4,4,4,3,3,3,3,3,4,3,3,3,3,3,3
987,4,4,4,3,4,3,4,3,4,3,4,4,3,3,4,4,4,4,4,4,3,3,3,3,4,4,4,3,4,4,3,4,4,4,3,4,3,4,4
988,2,2,2,2,2,2,2,2,2,2,2,2,2,2,2,2,2,2,4,6,5,6,4,3,3,3,3,3,3,3,3,3,3,3,2,3,3,3,3
989,4,4,4,4,3,3,4,4,3,3,4,3,4,4,4,4,4,4,4,4,6,5,4,5,4,5,4,4,4,3,4,4,4,3,3,4,3,3,3
990,3,4,4,3,3,4,3,3,3,3,3,3,3,3,3,4,3,4,3,3,4,4,3,3,3,3,3,3,3,2,3,2,3,3,2,3,2,3,2
991,4,5,4,4,5,5,5,4,5,4,4,4,5,4,5,5,4,4,2,2,2,2,2,4,5,5,4,4,4,5,4,5,5,5,4,4,4,5,4
992,2,2,2,2,2,2,2,2,2,2,2,2,2,2,2,2,2,2,3,3,3,3,3,2,2,2,2,1,2,2,2,2,3,2,2,3,2,2,2
993,5,4,5,4,4,4,4,4,5,4,5,4,4,4,4,5,5,5,4,3,3,3,4,4,4,4,4,4,3,3,3,4,3,4,4,4,4,4,3
994,4,4,4,4,4,5,4,4,4,4,4,4,4,4,4,4,4,4,2,2,2,2,2,4,4,4,4,4,3,4,4,4,4,3,3,4,3,3,4
995,4,5,4,3,4,5,4,4,4,4,4,4,4,4,4,5,4,5,3,3,3,4,4,4,4,5,4,4,4,4,4,4,5,4,4,4,4,5,5
996,3,3,2,2,3,2,3,3,2,2,2,2,2,2,2,3,3,3,5,4,5,6,6,3,3,3,3,2,3,3,3,3,3,3,3,3,3,3,3
997,6,6,5,5,6,6,6,6,7,5,7,4,5,5,6,7,6,6,2,2,3,3,3,7,5,6,7,5,6,5,6,6,6,5,5,6,6,6,6
998,7,6,6,5,5,6,5,6,5,5,6,6,5,6,6,5,5,6,2,2,2,2,3,5,4,4,5,5,5,4,5,5,5,5,5,5,5,4,5
999,5,5,5,5,6,5,6,5,5,5,6,4,5,5,4,6,6,6,5,5,4,4,4,6,6,6,6,4,5,4,4,4,6,5,4,4,4,4,6
